fighter_name,gender,latest_weight_class
Gerard Gordeau,Male,Open Weight
Teila Tuli,Male,Open Weight
Kevin Rosier,Male,Open Weight
Zane Frazier,Male,Open Weight
Royce Gracie,Male,Catch Weight
Art Jimmerson,Male,Open Weight
Ken Shamrock,Male,Light Heavyweight
Patrick Smith,Male,Open Weight
Jason DeLucia,Male,Middleweight
Trent Jenkins,Male,Open Weight
Scott Morris,Male,Open Weight
Sean Daugherty,Male,Open Weight
Ray Wizard,Male,Open Weight
Johnny Rhodes,Male,Open Weight
David Levicki,Male,Open Weight
Frank Hamaker,Male,Open Weight
Thaddeus Luster,Male,Open Weight
Orlando Wiet,Male,Open Weight
Robert Lucarelli,Male,Open Weight
Remco Pardoel,Male,Open Weight
Alberta Cerra Leon,Male,Open Weight
Scott Baker,Male,Open Weight
Minoki Ichihara,Male,Open Weight
Fred Ettish,Male,Open Weight
Keith Hackney,Male,Open Weight
Emmanuel Yarborough,Male,Open Weight
Christophe Leninger,Male,Lightweight
Harold Howard,Male,Open Weight
Roland Payne,Male,Open Weight
Kimo Leopoldo,Male,Heavyweight
Felix Lee Mitchell,Male,Open Weight
Steve Jennum,Male,Open Weight
Joe Charles,Male,Heavyweight
Marcus Bossett,Male,Open Weight
Eldo Xavier Dias,Male,Open Weight
Guy Mezger,Male,Middleweight
Jason Fairn,Male,Open Weight
Ron van Clief,Male,Open Weight
Joe Son,Male,Open Weight
Melton Bowen,Male,Open Weight
Dan Severn,Male,Heavyweight
Anthony Macias,Male,Open Weight
Dave Beneteau,Male,Heavyweight
Asbel Cancio,Male,Open Weight
John Dowdy,Male,Open Weight
Jon Hess,Male,Open Weight
Andy Anderson,Male,Open Weight
Todd Medina,Male,Open Weight
Larry Cureton,Male,Open Weight
Oleg Taktarov,Male,Open Weight
Ernie Verdicia,Male,Open Weight
Joel Sutton,Male,Open Weight
Jack McGlaughlin,Male,Open Weight
He-Man Gipson,Male,Open Weight
David Abbott,Male,Heavyweight
John Matua,Male,Open Weight
Paul Varelans,Male,Open Weight
Cal Worsham,Male,Open Weight
Rudyard Moncayo,Male,Open Weight
Geza Kalman,Male,Open Weight
Onassis Parungao,Male,Open Weight
Francesco Maturi,Male,Open Weight
Scott Bessac,Male,Open Weight
David Hood,Male,Open Weight
Gerry Harris,Male,Open Weight
Mark Hall,Male,Open Weight
Ryan Parker,Male,Open Weight
Marco Ruas,Male,Heavyweight
Sam Adkins,Male,Open Weight
Keith Mielke,Male,Open Weight
Don Frye,Male,Open Weight
Thomas Ramirez,Male,Open Weight
Joe Moreira,Male,Lightweight
Jerry Bohlander,Male,Middleweight
Scott Ferrozzo,Male,Heavyweight
Gary Goodridge,Male,Heavyweight
Paul Herrera,Male,Open Weight
Steve Nelmark,Male,Open Weight
Tai Bowden,Male,Open Weight
Rafael Carino,Male,Open Weight
Matt Andersen,Male,Open Weight
Mark Schultz,Male,Open Weight
Koji Kitao,Male,Open Weight
Amaury Bitetti,Male,Middleweight
Dieusel Berto,Male,Open Weight
Brian Johnston,Male,Heavyweight
Scott Fiedler,Male,Open Weight
Mark Coleman,Male,Light Heavyweight
Moti Horenstein,Male,Heavyweight
John Campetella,Male,Open Weight
Sam Fulton,Male,Heavyweight
Roberto Traven,Male,Heavyweight
Dave Berry,Male,Open Weight
Julian Sanchez,Male,Open Weight
Reza Nasri,Male,Open Weight
Fabio Gurgel,Male,Open Weight
Jack Nilson,Male,Lightweight
Nick Sanzo,Male,Lightweight
Jackie Lee,Male,Lightweight
Justin Martin,Male,Heavyweight
Eric Martin,Male,Heavyweight
Rainy Martinez,Male,Lightweight
Yoshiki Takahashi,Male,Lightweight
Wallid Ismail,Male,Lightweight
Jim Mullen,Male,Heavyweight
Vitor Belfort,Male,Middleweight
Tra Telligman,Male,Heavyweight
Tito Ortiz,Male,Light Heavyweight
Wes Albritton,Male,Lightweight
Saeed Hosseini,Male,Lightweight
Enson Inoue,Male,Lightweight
Royce Alger,Male,Middleweight
Steven Graham,Male,Heavyweight
Dmitri Stepanov,Male,Heavyweight
Randy Couture,Male,Light Heavyweight
Tony Halme,Male,Heavyweight
Tony Fryklund,Male,Middleweight
Donnie Chappell,Male,Lightweight
Alex Hunter,Male,Heavyweight
Yuri Vaulin,Male,Lightweight
Kevin Jackson,Male,Middleweight
Todd Butler,Male,Lightweight
Mark Kerr,Male,Heavyweight
Dan Bobish,Male,Heavyweight
Maurice Smith,Male,Heavyweight
Harry Moskowitz,Male,Heavyweight
Dwayne Cason,Male,Heavyweight
Houston Dorr,Male,Heavyweight
Greg Stott,Male,Heavyweight
Carlos Barreto,Male,Heavyweight
Brad Kohler,Male,Heavyweight
Yoji Anjo,Male,Middleweight
Kazushi Sakuraba,Male,Heavyweight
Marcus Silveira,Male,Heavyweight
Frank Shamrock,Male,Middleweight
Laverne Clark,Male,Welterweight
Josh Stuart,Male,Lightweight
Chris Brennan,Male,Welterweight
Courtney Turner,Male,Lightweight
Mikey Burnett,Male,Lightweight
Eugenio Tadeu,Male,Lightweight
Pat Miletich,Male,Middleweight
Townsend Saunders,Male,Lightweight
Tsuyoshi Kohsaka,Male,Heavyweight
Igor Zinoviev,Male,Middleweight
Chuck Liddell,Male,Light Heavyweight
Noe Hernandez,Male,Middleweight
Andre Roberts,Male,Heavyweight
Dan Henderson,Male,Middleweight
Allan Goes,Male,Middleweight
Carlos Newton,Male,Welterweight
Bob Gilstrap,Male,Middleweight
Mike van Arsdale,Male,Light Heavyweight
Joe Pardo,Male,Heavyweight
Hugo Duarte,Male,Heavyweight
Pete Williams,Male,Heavyweight
Jeremy Horn,Male,Middleweight
Cesar Marscucci,Male,Lightweight
Paulo Santos,Male,Lightweight
Tulio Palhares,Male,Middleweight
Adriano Santos,Male,Middleweight
Ebenezer Fontes Braga,Male,Middleweight
Pedro Rizzo,Male,Heavyweight
Wanderlei Silva,Male,Light Heavyweight
John Lober,Male,Middleweight
Frank Caracci,Male,Lightweight
Evan Tanner,Male,Middleweight
Darrel Gholar,Male,Middleweight
Jorge Patino,Male,Lightweight
Bas Rutten,Male,Heavyweight
Sione Latu,Male,Heavyweight
Joey Roberts,Male,Heavyweight
Jason Godsey,Male,Heavyweight
Valeri Ignatov,Male,Lightweight
Kevin Randleman,Male,Light Heavyweight
Ron Waterman,Male,Heavyweight
Chris Condo,Male,Heavyweight
Fabiano Iha,Male,Lightweight
Marcelo Mello,Male,Lightweight
David Roberts,Male,Lightweight
Tony Petarra,Male,Middleweight
Travis Fulton,Male,Heavyweight
David Dodd,Male,Middleweight
Eugene Jackson,Male,Middleweight
Tim Lajcik,Male,Heavyweight
Paul Jones,Male,Middleweight
Flavio Luiz Moura,Male,Middleweight
Daiju Takase,Male,Welterweight
Andre Pederneiras,Male,Lightweight
Jens Pulver,Male,Lightweight
Alfonso Alcarez,Male,Lightweight
John Lewis,Male,Lightweight
Lowell Anderson,Male,Middleweight
Matt Hughes,Male,Welterweight
Steve Judson,Male,Heavyweight
Katsuhisa Fujii,Male,Open Weight
Masutatsu Yano,Male,Open Weight
Kenichi Yamamoto,Male,Welterweight
Keiichiro Yamamiya,Male,Middleweight
Joe Slick,Male,Middleweight
Shonie Carter,Male,Welterweight
Brad Gumm,Male,Welterweight
Scott Adams,Male,Heavyweight
Ian Freeman,Male,Heavyweight
David Velasquez,Male,Lightweight
Bob Cook,Male,Lightweight
Tiki Ghosn,Male,Welterweight
Dave Menne,Male,Welterweight
Lance Gibson,Male,Middleweight
Jermaine Andre,Male,Middleweight
Tedd Williams,Male,Heavyweight
Koji Oishi,Male,Welterweight
Ikuhisa Minowa,Male,Middleweight
Satoshi Honma,Male,Heavyweight
Sanae Kikuta,Male,Middleweight
Murilo Bustamante,Male,Middleweight
Adrian Serrano,Male,Welterweight
Nate Schroeder,Male,Heavyweight
Joao Roque,Male,Lightweight
Marcelo Aguiar,Male,Welterweight
Alex Andrade,Male,Middleweight
John Alessio,Male,Lightweight
Tyrone Roberts,Male,Middleweight
CJ Fernandes,Male,Welterweight
Jeff Monson,Male,Heavyweight
Yuki Kondo,Male,Light Heavyweight
Alexandre Dantas,Male,Heavyweight
Bobby Hoffman,Male,Heavyweight
Ben Earwood,Male,Welterweight
Chris Lytle,Male,Welterweight
Mark Hughes,Male,Middleweight
Alex Stiebling,Male,Middleweight
Andrei Arlovski,Male,Heavyweight
Aaron Brink,Male,Heavyweight
Josh Barnett,Male,Heavyweight
Gan McGee,Male,Heavyweight
Renato Sobral,Male,Light Heavyweight
Dennis Hallman,Male,Lightweight
Matt Lindland,Male,Middleweight
Sean Sherk,Male,Lightweight
Phil Baroni,Male,Middleweight
Curtis Stout,Male,Middleweight
Mark Robinson,Male,Heavyweight
Elvis Sinosic,Male,Light Heavyweight
Phil Johns,Male,Welterweight
Caol Uno,Male,Lightweight
Tony DeSouza,Male,Welterweight
Steve Berger,Male,Welterweight
BJ Penn,Male,Lightweight
Joey Gilbert,Male,Lightweight
Ricardo Almeida,Male,Welterweight
Semmy Schilt,Male,Heavyweight
Matt Serra,Male,Welterweight
Paul Rodriguez,Male,Welterweight
Ricco Rodriguez,Male,Heavyweight
Vladimir Matyushenko,Male,Light Heavyweight
Din Thomas,Male,Lightweight
Jutaro Nakao,Male,Welterweight
Gil Castillo,Male,Welterweight
Yves Edwards,Male,Lightweight
Frank Mir,Male,Heavyweight
Homer Moore,Male,Light Heavyweight
Keith Rockel,Male,Middleweight
Andrei Semenov,Male,Middleweight
Amar Suloev,Male,Middleweight
Kelly Dullanty,Male,Lightweight
Hayato Sakurai,Male,Welterweight
Robbie Lawler,Male,Welterweight
Aaron Riley,Male,Lightweight
Benji Radach,Male,Welterweight
Ivan Salaverry,Male,Middleweight
Paul Creighton,Male,Lightweight
Joao Pierini,Male,Lightweight
Rodrigo Ruas,Male,Middleweight
Pete Spratt,Male,Welterweight
Zach Light,Male,Welterweight
Nick Serra,Male,Welterweight
Chris Haseman,Male,Light Heavyweight
Phillip Miller,Male,Middleweight
James Zikic,Male,Light Heavyweight
Genki Sudo,Male,Lightweight
Leigh Remedios,Male,Lightweight
Mark Weir,Male,Middleweight
Tim Sylvia,Male,Heavyweight
Wesley Correira,Male,Heavyweight
Travis Wiuff,Male,Light Heavyweight
Rich Clementi,Male,Lightweight
David Loiseau,Male,Middleweight
Hermes Franca,Male,Lightweight
Richard Crunkilton,Male,Lightweight
Duane Ludwig,Male,Welterweight
Rich Franklin,Male,Middleweight
Sean Alvarez,Male,Heavyweight
Dave Strasser,Male,Welterweight
Romie Aram,Male,Welterweight
Falaniko Vitale,Male,Middleweight
Eddie Ruiz,Male,Lightweight
Wes Sims,Male,Heavyweight
Vernon White,Male,Light Heavyweight
Marvin Eastman,Male,Middleweight
Nick Diaz,Male,Middleweight
Jeremy Jackson,Male,Welterweight
Josh Thomson,Male,Lightweight
Gerald Strebendt,Male,Lightweight
Karo Parisyan,Male,Welterweight
Edwin DeWees,Male,Middleweight
Jorge Rivera,Male,Middleweight
Nick Agallar,Male,Lightweight
Chris Liguori,Male,Middleweight
Frank Trigg,Male,Welterweight
Jeff Curran,Male,Bantamweight
Georges St-Pierre,Male,Middleweight
Lee Murray,Male,Middleweight
Renato Verissimo,Male,Welterweight
Mike Brown,Male,Featherweight
Jonathan Wiezorek,Male,Heavyweight
Wade Shipp,Male,Heavyweight
Mike Kyle,Male,Heavyweight
Trevor Prangley,Male,Middleweight
Jay Hieron,Male,Welterweight
Ivan Menjivar,Male,Featherweight
Ronald Jhun,Male,Welterweight
Justin Eilers,Male,Heavyweight
David Terrell,Male,Middleweight
Joe Riggs,Male,Middleweight
Joe Doerksen,Male,Middleweight
Travis Lutter,Male,Middleweight
Patrick Cote,Male,Welterweight
Drew Fickett,Male,Welterweight
Gideon Ray,Male,Middleweight
James Irvin,Male,Light Heavyweight
Paul Buentello,Male,Heavyweight
Pete Sell,Male,Welterweight
Alex Karalexis,Male,Welterweight
Josh Rafferty,Male,Welterweight
Mike Swick,Male,Welterweight
Alex Schoenauer,Male,Middleweight
Nate Quarry,Male,Middleweight
Lodune Sincaid,Male,Middleweight
Josh Koscheck,Male,Welterweight
Chris Sanford,Male,Middleweight
Chris Leben,Male,Middleweight
Jason Thacker,Male,Middleweight
Sam Hoger,Male,Light Heavyweight
Bobby Southworth,Male,Light Heavyweight
Diego Sanchez,Male,Welterweight
Kenny Florian,Male,Featherweight
Forrest Griffin,Male,Light Heavyweight
Stephan Bonnar,Male,Light Heavyweight
John Marsh,Male,Heavyweight
Jason Miller,Male,Middleweight
Charles McCarthy,Male,Middleweight
Kevin Jordan,Male,Heavyweight
Bill Mahood,Male,Light Heavyweight
Josh Neer,Male,Welterweight
Nate Marquardt,Male,Middleweight
Terry Martin,Male,Middleweight
Brian Gassaway,Male,Welterweight
Jonathan Goulet,Male,Welterweight
Jon Fitch,Male,Welterweight
Brock Larson,Male,Welterweight
Spencer Fisher,Male,Lightweight
Thiago Alves,Male,Welterweight
Brandon Vera,Male,Heavyweight
Fabiano Scherner,Male,Heavyweight
Alessio Sakara,Male,Middleweight
Ron Faircloth,Male,Light Heavyweight
Marcio Cruz,Male,Heavyweight
Keigo Kunihara,Male,Heavyweight
Chael Sonnen,Male,Light Heavyweight
Branden Lee Hinkle,Male,Light Heavyweight
Sean Gannon,Male,Heavyweight
Keith Jardine,Male,Light Heavyweight
Kerry Schall,Male,Heavyweight
Melvin Guillard,Male,Lightweight
Marcus Davis,Male,Lightweight
Joshua Burkman,Male,Welterweight
Sammy Morgan,Male,Welterweight
Kit Cope,Male,Welterweight
Joe Stevenson,Male,Featherweight
Luke Cummo,Male,Welterweight
Rashad Evans,Male,Light Heavyweight
Brad Imes,Male,Heavyweight
Nick Thompson,Male,Welterweight
Keith Wisniewski,Male,Welterweight
Ansar Chalangov,Male,Welterweight
Jeff Newton,Male,Light Heavyweight
Gabriel Gonzaga,Male,Heavyweight
Jason Von Flue,Male,Welterweight
Assuerio Silva,Male,Heavyweight
Mike Whitehead,Male,Light Heavyweight
Gilbert Aldana,Male,Heavyweight
Tom Murphy,Male,Heavyweight
Icho Larenas,Male,Heavyweight
Jason Lambert,Male,Middleweight
Rob MacDonald,Male,Light Heavyweight
Sam Stout,Male,Lightweight
Mark Hominick,Male,Featherweight
Steve Vigneault,Male,Middleweight
Dan Christison,Male,Heavyweight
Luigi Fioravanti,Male,Welterweight
Derrick Noble,Male,Welterweight
Scott Smith,Male,Middleweight
Justin Levens,Male,Middleweight
Rick Davis,Male,Lightweight
Matt Wiman,Male,Lightweight
Dean Lister,Male,Middleweight
Mike Nickels,Male,Light Heavyweight
Wes Combs,Male,Light Heavyweight
Matt Hamill,Male,Light Heavyweight
Jesse Forbes,Male,Middleweight
Solomon Hutcherson,Male,Middleweight
Kalib Starnes,Male,Middleweight
Danny Abbadi,Male,Lightweight
Rory Singer,Male,Middleweight
Ross Pointon,Male,Welterweight
Wilson Gouveia,Male,Catch Weight
Kendall Grove,Male,Middleweight
Ed Herman,Male,Light Heavyweight
Michael Bisping,Male,Middleweight
Josh Haynes,Male,Welterweight
Jorge Santiago,Male,Welterweight
Kristian Rothaermel,Male,Light Heavyweight
Jorge Gurgel,Male,Lightweight
Anderson Silva,Male,Middleweight
Kurt Pellegrino,Male,Lightweight
Cheick Kongo,Male,Heavyweight
Anthony Perosh,Male,Light Heavyweight
Joe Jordan,Male,Catch Weight
Anthony Torres,Male,Welterweight
Pat Healy,Male,Lightweight
Forrest Petz,Male,Welterweight
Jake O'Brien,Male,Light Heavyweight
Kristof Midoux,Male,Heavyweight
Martin Kampmann,Male,Welterweight
Crafton Wallace,Male,Middleweight
Yuki Sasaki,Male,Middleweight
Yushin Okami,Male,Welterweight
Alan Belcher,Male,Middleweight
David Heath,Male,Light Heavyweight
Cory Walmsley,Male,Light Heavyweight
Eric Schafer,Male,Middleweight
Jamie Varner,Male,Lightweight
Christian Wellisch,Male,Light Heavyweight
Tyson Griffin,Male,Featherweight
David Lee,Male,Lightweight
Eddie Sanchez,Male,Heavyweight
Mario Neto,Male,Heavyweight
Roger Huerta,Male,Lightweight
Jason Dent,Male,Lightweight
Joe Lauzon,Male,Lightweight
Gabe Ruediger,Male,Lightweight
Dustin Hazelett,Male,Lightweight
Seth Petruzelli,Male,Light Heavyweight
Jason MacDonald,Male,Middleweight
Chris Price,Male,Middleweight
Junior Assuncao,Male,Featherweight
Clay Guida,Male,Lightweight
Justin James,Male,Lightweight
Dan Lauzon,Male,Lightweight
Carmelo Marrero,Male,Light Heavyweight
Kuniyoshi Hironaka,Male,Welterweight
Thales Leites,Male,Middleweight
Josh Shockman,Male,Heavyweight
Hector Ramirez,Male,Light Heavyweight
Antoni Hardonk,Male,Heavyweight
Sherman Pendergarst,Male,Heavyweight
Gleison Tibau,Male,Lightweight
Dokonjonosuke Mishima,Male,Lightweight
Drew McFedries,Male,Middleweight
Logan Clark,Male,Middleweight
Steve Byrnes,Male,Middleweight
Keita Nakamura,Male,Welterweight
Victor Valimaki,Male,Light Heavyweight
Jeff Joslin,Male,Welterweight
Chad Reiner,Male,Welterweight
Heath Herring,Male,Heavyweight
Sean Salmon,Male,Light Heavyweight
Diego Saraiva,Male,Lightweight
Lyoto Machida,Male,Middleweight
Frankie Edgar,Male,Bantamweight
Quinton Jackson,Male,Catch Weight
John Halverson,Male,Lightweight
Mirko Filipovic,Male,Heavyweight
Jason Gilliam,Male,Welterweight
Rex Holman,Male,Light Heavyweight
Thiago Tavares,Male,Featherweight
Naoyuki Kotani,Male,Lightweight
Roan Carneiro,Male,Welterweight
Nate Mohr,Male,Lightweight
Justin McCully,Male,Heavyweight
Leonard Garcia,Male,Featherweight
Paul Taylor,Male,Lightweight
Edilberto de Oliveira,Male,Welterweight
Jess Liaudin,Male,Lightweight
Dennis Siver,Male,Featherweight
Terry Etim,Male,Lightweight
Matt Grice,Male,Featherweight
Fabricio Werdum,Male,Heavyweight
Jeremy Stephens,Male,Lightweight
Thiago Silva,Male,Light Heavyweight
Houston Alexander,Male,Catch Weight
Luke Caudillo,Male,Lightweight
Anthony Johnson,Male,Light Heavyweight
Jeff Cox,Male,Lightweight
Tamdan McCrory,Male,Middleweight
Jason Black,Male,Lightweight
Jordan Radev,Male,Middleweight
Stevie Lynch,Male,Welterweight
Colin Robinson,Male,Heavyweight
Jason Tan,Male,Welterweight
Brian Geraghty,Male,Lightweight
Allen Berube,Male,Lightweight
Gray Maynard,Male,Lightweight
Rob Emerson,Male,Lightweight
Cole Miller,Male,Featherweight
Andy Wang,Male,Lightweight
Brandon Melendez,Male,Lightweight
Doug Evans,Male,Lightweight
Floyd Sword,Male,Middleweight
Nate Diaz,Male,Welterweight
Manvel Gamburyan,Male,Bantamweight
Mark Bocek,Male,Lightweight
Antonio Rodrigo Nogueira,Male,Heavyweight
Alvin Robinson,Male,Lightweight
Marcus Aurelio,Male,Lightweight
Ryan Jensen,Male,Middleweight
Alberto Crane,Male,Lightweight
Tomasz Drwal,Male,Middleweight
Joe Veres,Male,Lightweight
Michihiro Omigawa,Male,Featherweight
Scott Junk,Male,Heavyweight
Kazuhiro Nakamura,Male,Light Heavyweight
Mauricio Rua,Male,Light Heavyweight
Demian Maia,Male,Welterweight
Akihiro Gono,Male,Welterweight
Jason Reinhardt,Male,Bantamweight
Ryo Chonan,Male,Welterweight
Paul Georgieff,Male,Welterweight
Roman Mitichyan,Male,Welterweight
Dorian Price,Male,Welterweight
Matt Arroyo,Male,Welterweight
John Kolosci,Male,Welterweight
Troy Mandaloniz,Male,Welterweight
Richie Hightower,Male,Welterweight
Ben Saunders,Male,Welterweight
Dan Barrera,Male,Welterweight
George Sotiropoulos,Male,Lightweight
Billy Miles,Male,Welterweight
War Machine,Male,Welterweight
Jared Rollins,Male,Welterweight
Mac Danzig,Male,Lightweight
Tommy Speer,Male,Welterweight
Luiz Cane,Male,Middleweight
Rameau Thierry Sokoudjou,Male,Light Heavyweight
Soa Palelei,Male,Heavyweight
Per Eklund,Male,Lightweight
James Lee,Male,Light Heavyweight
Paul Kelly,Male,Lightweight
Justin Buchholz,Male,Lightweight
Corey Hill,Male,Lightweight
Tim Boetsch,Male,Middleweight
Kyle Bradley,Male,Lightweight
Rob Yundt,Male,Middleweight
Brock Lesnar,Male,Heavyweight
David Bielkheden,Male,Lightweight
Chris Wilson,Male,Welterweight
Samy Schiavo,Male,Lightweight
Ryan Roberts,Male,Lightweight
Cain Velasquez,Male,Heavyweight
Brad Morris,Male,Light Heavyweight
Jason Day,Male,Middleweight
Shane Carwin,Male,Heavyweight
Dong Hyun Kim,Male,Welterweight
Yoshiyuki Yoshida,Male,Welterweight
Rousimar Palhares,Male,Welterweight
Antonio Mendes,Male,Light Heavyweight
Goran Reljic,Male,Light Heavyweight
Kevin Burns,Male,Welterweight
Rob Kimmons,Male,Middleweight
Matt Brown,Male,Welterweight
Matthew Riddle,Male,Welterweight
Dante Rivera,Male,Middleweight
Amir Sadollah,Male,Welterweight
CB Dollaway,Male,Middleweight
Shannon Gugerty,Male,Lightweight
Dale Hartt,Male,Lightweight
Brad Blackburn,Male,Welterweight
James Giboo,Male,Welterweight
Nate Loughran,Male,Middleweight
Johnny Rees,Male,Welterweight
Rory Markham,Male,Welterweight
Brodie Farber,Male,Catch Weight
Tim Credeur,Male,Middleweight
Cale Yarbrough,Male,Middleweight
Jesse Taylor,Male,Welterweight
Reese Andy,Male,Light Heavyweight
Ryan Thomas,Male,Welterweight
Steve Bruno,Male,Welterweight
Jon Jones,Male,Heavyweight
Andre Gusmao,Male,Light Heavyweight
Dan Evensen,Male,Heavyweight
Michael Patt,Male,Light Heavyweight
Dan Miller,Male,Middleweight
Mike Massenzio,Male,Middleweight
Jason Brilz,Male,Light Heavyweight
Joe Vedepo,Male,Middleweight
Jim Miller,Male,Lightweight
David Baron,Male,Lightweight
Neil Wain,Male,Heavyweight
Dan Hardy,Male,Welterweight
Matt Horwich,Male,Middleweight
Junior Dos Santos,Male,Heavyweight
Rafael Dos Anjos,Male,Lightweight
Josh Hendricks,Male,Heavyweight
Brandon Wolff,Male,Welterweight
Steve Cantwell,Male,Middleweight
Razak Al-Hassan,Male,Light Heavyweight
Rolando Delgado,Male,Lightweight
John Polakowski,Male,Lightweight
Shane Nelson,Male,Lightweight
George Roop,Male,Bantamweight
Tom Lawlor,Male,Light Heavyweight
Kyle Kingsbury,Male,Light Heavyweight
Eliot Marshall,Male,Light Heavyweight
Jules Bruchez,Male,Light Heavyweight
Krzysztof Soszynski,Male,Light Heavyweight
Shane Primm,Male,Light Heavyweight
Junie Browning,Male,Lightweight
David Kaplan,Male,Lightweight
Ryan Bader,Male,Light Heavyweight
Vinny Magalhaes,Male,Light Heavyweight
Efrain Escudero,Male,Lightweight
Phillipe Nover,Male,Featherweight
Pat Barry,Male,Heavyweight
Mike Wessel,Male,Heavyweight
Mostapha Al-Turk,Male,Heavyweight
Ivan Serati,Male,Light Heavyweight
Alexandre Barros,Male,Welterweight
John Hathaway,Male,Welterweight
Tom Egan,Male,Welterweight
Denis Kang,Male,Middleweight
Dan Cramer,Male,Welterweight
John Howard,Male,Welterweight
Nick Catone,Male,Middleweight
Derek Downey,Male,Middleweight
Matt Veach,Male,Lightweight
Jake Rosholt,Male,Middleweight
Denis Stojnic,Male,Heavyweight
Mike Ciesnolevicz,Male,Light Heavyweight
Neil Grove,Male,Heavyweight
Evan Dunham,Male,Catch Weight
Stefan Struve,Male,Heavyweight
Brian Cobb,Male,Lightweight
Paulo Thiago,Male,Welterweight
Ryan Madigan,Male,Welterweight
Mark Munoz,Male,Middleweight
Aaron Simpson,Male,Welterweight
Tim McKenzie,Male,Middleweight
Nissen Osterneck,Male,Middleweight
Jesse Sanders,Male,Welterweight
Carlos Condit,Male,Welterweight
TJ Grant,Male,Lightweight
Xavier Foupa-Pokam,Male,Middleweight
Brian Stann,Male,Light Heavyweight
Tim Hague,Male,Heavyweight
Mike Pyle,Male,Welterweight
Rick Story,Male,Welterweight
Peter Sobotta,Male,Welterweight
Cameron Dollar,Male,Lightweight
Nick Osipczak,Male,Welterweight
Frank Lester,Male,Welterweight
Edgar Garcia,Male,Welterweight
Ross Pearson,Male,Lightweight
Andre Winner,Male,Lightweight
James Wilks,Male,Welterweight
DaMarques Johnson,Male,Catch Weight
Yoshihiro Akiyama,Male,Welterweight
Jesse Lennox,Male,Welterweight
Danillo Villefort,Male,Welterweight
Johny Hendricks,Male,Middleweight
Todd Duffee,Male,Heavyweight
Mike Russow,Male,Heavyweight
Chris Tuchscherer,Male,Heavyweight
Steve Steinbeiss,Male,Middleweight
Mike Pierce,Male,Welterweight
Jay Silva,Male,Middleweight
Jake Ellenberger,Male,Welterweight
Igor Pokrajac,Male,Light Heavyweight
Brian Foster,Male,Welterweight
Nik Lentz,Male,Catch Weight
Rafaello Oliveira,Male,Lightweight
Steve Lopez,Male,Lightweight
Paul Daley,Male,Welterweight
Chase Gormley,Male,Heavyweight
Ben Rothwell,Male,Heavyweight
Alexander Gustafsson,Male,Light Heavyweight
Jared Hamman,Male,Middleweight
Fabricio Camoes,Male,Lightweight
Rogerio Nogueira,Male,Light Heavyweight
Jacob Volkmann,Male,Lightweight
Joe Brammer,Male,Lightweight
Rodney Wallace,Male,Light Heavyweight
Jon Madsen,Male,Heavyweight
Justin Wren,Male,Heavyweight
James McSweeney,Male,Light Heavyweight
Darrill Schoonover,Male,Heavyweight
Matt Mitrione,Male,Heavyweight
Marcus Jones,Male,Heavyweight
Kevin Ferguson,Male,Heavyweight
Roy Nelson,Male,Heavyweight
Brendan Schaub,Male,Heavyweight
Lucio Linhares,Male,Middleweight
Ricardo Funch,Male,Welterweight
John Gunderson,Male,Lightweight
Gilbert Yvel,Male,Heavyweight
Gerald Harris,Male,Middleweight
John Salter,Male,Middleweight
Rory MacDonald,Male,Welterweight
Mike Guymon,Male,Welterweight
Joey Beltran,Male,Light Heavyweight
Rolles Gracie,Male,Heavyweight
Phil Davis,Male,Light Heavyweight
Ronys Torres,Male,Lightweight
James Te Huna,Male,Light Heavyweight
Julio Paulino,Male,Welterweight
Daniel Roberts,Male,Welterweight
Darren Elkins,Male,Featherweight
Greg Soto,Male,Welterweight
Charlie Brenneman,Male,Lightweight
Jason High,Male,Lightweight
Mario Miranda,Male,Middleweight
Takanori Gomi,Male,Lightweight
Renzo Gracie,Male,Welterweight
Cyrille Diabate,Male,Light Heavyweight
Waylon Lowe,Male,Lightweight
Claude Patrick,Male,Welterweight
Travis Browne,Male,Heavyweight
Chris Camozzi,Male,Middleweight
James Hammortree,Male,Middleweight
Kyle Noke,Male,Welterweight
Josh Bryant,Male,Middleweight
Brad Tavares,Male,Middleweight
Seth Baczynski,Male,Welterweight
Mark Holst,Male,Lightweight
Rich Attonito,Male,Welterweight
Jamie Yager,Male,Middleweight
Court McGee,Male,Welterweight
Kris McCray,Male,Welterweight
Karlos Vemola,Male,Middleweight
David Branch,Male,Middleweight
Ricardo Romero,Male,Light Heavyweight
Charles Oliveira,Male,Lightweight
Christian Morecraft,Male,Heavyweight
Todd Brown,Male,Light Heavyweight
Amilcar Alves,Male,Welterweight
James Toney,Male,Heavyweight
TJ Waldburger,Male,Welterweight
David Mitchell,Male,Welterweight
Rafael Natal,Male,Middleweight
Sean McCorkle,Male,Heavyweight
Mark Hunt,Male,Heavyweight
Pat Audinwood,Male,Lightweight
Fabio Maldonado,Male,Light Heavyweight
Curt Warburton,Male,Lightweight
Paul Sass,Male,Lightweight
Rob Broughton,Male,Heavyweight
Vinicius Queiroz,Male,Heavyweight
Dongi Yang,Male,Middleweight
Jake Shields,Male,Welterweight
Carlos Eduardo Rocha,Male,Welterweight
Pascal Krauss,Male,Welterweight
Mark Scanlon,Male,Welterweight
Alexandre Ferreira,Male,Light Heavyweight
TJ O'Brien,Male,Lightweight
Edson Barboza,Male,Featherweight
Mike Lullo,Male,Featherweight
Maiquel Falcao,Male,Middleweight
Pablo Garza,Male,Featherweight
Fredson Paixao,Male,Featherweight
Nick Pace,Male,Bantamweight
Will Campuzano,Male,Flyweight
Kyle Watson,Male,Lightweight
Sako Chivitchian,Male,Lightweight
Ian Loveland,Male,Bantamweight
Tyler Toner,Male,Featherweight
Cody McKenzie,Male,Lightweight
Aaron Wilkinson,Male,Lightweight
Nam Phan,Male,Bantamweight
Jonathan Brookins,Male,Featherweight
Michael Johnson,Male,Lightweight
John Makdessi,Male,Lightweight
Sean Pierson,Male,Welterweight
Jesse Bongfeldt,Male,Middleweight
Antonio McKee,Male,Lightweight
Diego Nunes,Male,Featherweight
Dustin Poirier,Male,Lightweight
Josh Grispi,Male,Featherweight
Chris Cariaso,Male,Flyweight
Willamy Freire,Male,Lightweight
Rani Yahya,Male,Bantamweight
Kenny Robertson,Male,Welterweight
Demetrious Johnson,Male,Flyweight
Norifumi Yamamoto,Male,Bantamweight
Chad Mendes,Male,Featherweight
Donald Cerrone,Male,Welterweight
Miguel Torres,Male,Bantamweight
Antonio Banuelos,Male,Bantamweight
Maciej Jewtuszko,Male,Lightweight
Zhang Tiequan,Male,Lightweight
Tom Blackledge,Male,Light Heavyweight
Nick Ring,Male,Middleweight
Riki Fukuda,Male,Middleweight
Brian Ebersole,Male,Welterweight
Takeya Mizugaki,Male,Bantamweight
Reuben Duran,Male,Bantamweight
Shane Roller,Male,Lightweight
Danny Castillo,Male,Lightweight
Brian Bowles,Male,Bantamweight
Damacio Page,Male,Bantamweight
Chris Weidman,Male,Middleweight
Erik Koch,Male,Welterweight
Raphael Assuncao,Male,Bantamweight
Constantinos Philippou,Male,Middleweight
Joseph Benavidez,Male,Flyweight
Anthony Njokuani,Male,Lightweight
Kamal Shalorus,Male,Lightweight
Urijah Faber,Male,Bantamweight
Eddie Wineland,Male,Bantamweight
Michael McDonald,Male,Bantamweight
Edwin Figueroa,Male,Bantamweight
Mackens Semerzier,Male,Featherweight
Alex Caceres,Male,Featherweight
Chan Sung Jung,Male,Featherweight
Yves Jabouin,Male,Bantamweight
Charlie Valencia,Male,Bantamweight
Benson Henderson,Male,Welterweight
Jose Aldo,Male,Bantamweight
Renan Barao,Male,Featherweight
Cole Escovedo,Male,Bantamweight
Francisco Rivera,Male,Bantamweight
Scott Jorgensen,Male,Bantamweight
Ken Stone,Male,Bantamweight
Clay Harvison,Male,Welterweight
Justin Edwards,Male,Lightweight
Shamar Bailey,Male,Lightweight
Ryan McGillivray,Male,Welterweight
Danny Downes,Male,Lightweight
Chris Cope,Male,Welterweight
Chuck O'Neil,Male,Welterweight
Anthony Pettis,Male,Welterweight
Tony Ferguson,Male,Welterweight
Ramsey Nijem,Male,Lightweight
Aaron Rosa,Male,Light Heavyweight
Jason Young,Male,Featherweight
James Head,Male,Welterweight
Vagner Rocha,Male,Lightweight
Dave Herman,Male,Heavyweight
Jon Olav Einemo,Male,Heavyweight
Edward Faaloloto,Male,Lightweight
Ricardo Lamas,Male,Featherweight
Javier Vazquez,Male,Featherweight
Jeff Hougland,Male,Bantamweight
Donny Walker,Male,Bantamweight
Dominick Cruz,Male,Bantamweight
Paul Bradley,Male,Welterweight
Jimy Hettes,Male,Featherweight
Ronny Markes,Male,Middleweight
Iuri Alcantara,Male,Bantamweight
Felipe Arantes,Male,Bantamweight
Erick Silva,Male,Welterweight
Luis Ramos,Male,Welterweight
Johnny Eduardo,Male,Bantamweight
Stanislav Nedkov,Male,Light Heavyweight
Jorge Lopez,Male,Welterweight
Robert Peralta,Male,Featherweight
Mike Stumpf,Male,Welterweight
Lance Benoist,Male,Welterweight
Eddie Yagin,Male,Featherweight
Walel Watson,Male,Bantamweight
Joseph Sandoval,Male,Bantamweight
Mike Easton,Male,Bantamweight
Byron Bloodworth,Male,Bantamweight
Stipe Miocic,Male,Heavyweight
Clifford Starks,Male,Middleweight
Dustin Jacoby,Male,Light Heavyweight
Francis Carmont,Male,Middleweight
Bart Palaszewski,Male,Featherweight
Hatsu Hioki,Male,Featherweight
Vaughan Lee,Male,Flyweight
Che Mills,Male,Welterweight
Philip De Fries,Male,Heavyweight
John Maguire,Male,Lightweight
Papy Abedi,Male,Middleweight
Brad Pickett,Male,Catch Weight
Matt Lucas,Male,Light Heavyweight
Darren Uyenoyama,Male,Flyweight
Cub Swanson,Male,Featherweight
Alex Soto,Male,Bantamweight
Cung Le,Male,Middleweight
Bryan Caraway,Male,Bantamweight
Dustin Neace,Male,Featherweight
Steven Siler,Male,Featherweight
Josh Clopton,Male,Featherweight
Roland Delorme,Male,Bantamweight
Josh Ferguson,Male,Flyweight
John Albert,Male,Bantamweight
Dustin Pague,Male,Bantamweight
Marcus Brimage,Male,Bantamweight
Stephen Bass,Male,Featherweight
Johnny Bedford,Male,Bantamweight
Louis Gaudinot,Male,Flyweight
John Dodson,Male,Bantamweight
TJ Dillashaw,Male,Bantamweight
Diego Brandao,Male,Featherweight
Dennis Bermudez,Male,Lightweight
John Cholish,Male,Lightweight
Mitch Clarke,Male,Lightweight
Jake Hecht,Male,Welterweight
Alistair Overeem,Male,Heavyweight
Antonio Carvalho,Male,Featherweight
Ednaldo Oliveira,Male,Light Heavyweight
Carlo Prater,Male,Lightweight
Nick Denis,Male,Bantamweight
Daniel Pineda,Male,Featherweight
Pat Schilling,Male,Featherweight
Tommy Hayden,Male,Featherweight
Khabib Nurmagomedov,Male,Lightweight
Jared Papazian,Male,Flyweight
Lavar Johnson,Male,Heavyweight
Eric Wisely,Male,Featherweight
Stephen Thompson,Male,Welterweight
Dan Stittgen,Male,Welterweight
Michael Kuiper,Male,Middleweight
Henry Martinez,Male,Lightweight
Max Holloway,Male,Lightweight
Tim Means,Male,Welterweight
Bernardo Magalhaes,Male,Lightweight
Justin Salas,Male,Lightweight
Anton Kuivanen,Male,Lightweight
Issei Tamura,Male,Bantamweight
Eiji Mitsuoka,Male,Featherweight
Shawn Jordan,Male,Heavyweight
Oli Thompson,Male,Heavyweight
Andrew Craig,Male,Welterweight
Nick Penner,Male,Light Heavyweight
Ian McCall,Male,Flyweight
Yasuhiro Urushitani,Male,Flyweight
Simeon Thoresen,Male,Welterweight
Besam Yousef,Male,Welterweight
Reza Madadi,Male,Lightweight
Yoislandy Izquierdo,Male,Lightweight
Magnus Cedenblad,Male,Middleweight
Tom DeBlass,Male,Middleweight
Siyar Bahadurzada,Male,Welterweight
Maximo Blanco,Male,Featherweight
Chris Clements,Male,Welterweight
Chad Griggs,Male,Light Heavyweight
John Lineker,Male,Bantamweight
Tim Elliott,Male,Bantamweight
Marcus LeVesseur,Male,Lightweight
Glover Teixeira,Male,Light Heavyweight
Shane del Rosario,Male,Heavyweight
Antonio Silva,Male,Heavyweight
Erik Perez,Male,Bantamweight
Joe Proctor,Male,Welterweight
Jeremy Larsen,Male,Featherweight
Sam Sicilia,Male,Featherweight
Cristiano Marcello,Male,Lightweight
Myles Jury,Male,Featherweight
Chris Saunders,Male,Lightweight
Daron Cruickshank,Male,Lightweight
Chris Tickle,Male,Lightweight
Justin Lawrence,Male,Featherweight
John Cofer,Male,Lightweight
Michael Chiesa,Male,Welterweight
Al Iaquinta,Male,Lightweight
Buddy Roberts,Male,Middleweight
Caio Magalhaes,Male,Middleweight
Joey Gambino,Male,Featherweight
Brock Jardine,Male,Welterweight
CJ Keith,Male,Lightweight
Milton Vieira,Male,Featherweight
Marcos Vinicius,Male,Flyweight
Wagner Campos,Male,Featherweight
Thiago Perpetuo,Male,Welterweight
Leonardo Mafra,Male,Lightweight
Hugo Viana,Male,Bantamweight
John Teixeira,Male,Featherweight
Francisco Trinaldo,Male,Welterweight
Delson Heleno,Male,Middleweight
Rodrigo Damm,Male,Lightweight
Anistavio Medeiros,Male,Featherweight
Hacran Dias,Male,Lightweight
Rony Jason,Male,Featherweight
Godofredo Pepey,Male,Featherweight
Cezar Ferreira,Male,Middleweight
Sergio Moraes,Male,Welterweight
Marcelo Guimaraes,Male,Middleweight
Mitch Gagnon,Male,Bantamweight
Ryan Jimmo,Male,Light Heavyweight
Hector Lombard,Male,Middleweight
John Moraga,Male,Flyweight
Ulysses Gomez,Male,Flyweight
Wagner Prado,Male,Light Heavyweight
Chico Camus,Male,Flyweight
Roger Hollett,Male,Light Heavyweight
Gunnar Nelson,Male,Welterweight
Tom Watson,Male,Middleweight
Akira Corassani,Male,Featherweight
Andy Ogle,Male,Featherweight
Jimi Manuwa,Male,Light Heavyweight
Phil Harris,Male,Flyweight
Jussier Formiga,Male,Flyweight
Renee Forte,Male,Lightweight
Motonobu Tezuka,Male,Bantamweight
Jon Tuck,Male,Lightweight
Azamat Gashimov,Male,Flyweight
Abel Trujillo,Male,Lightweight
Cody Donovan,Male,Light Heavyweight
Mike Wilkinson,Male,Featherweight
Brendan Loughnane,Male,Lightweight
Ben Alloway,Male,Welterweight
Manuel Rodriguez,Male,Welterweight
Yaotzin Meza,Male,Featherweight
Norman Parke,Male,Lightweight
Colin Fletcher,Male,Lightweight
Robert Whittaker,Male,Middleweight
Brad Scott,Male,Welterweight
Mike Rio,Male,Lightweight
Rustam Khabilov,Male,Welterweight
Vinc Pichel,Male,Lightweight
Colton Smith,Male,Lightweight
Mike Ricci,Male,Lightweight
Derek Brunson,Male,Middleweight
Ildemar Alcantara,Male,Middleweight
Pedro Nobre,Male,Bantamweight
Lucas Martins,Male,Featherweight
Daniel Sarafian,Male,Middleweight
Sean Spencer,Male,Welterweight
Dustin Kimura,Male,Bantamweight
Isaac Vallie-Flagg,Male,Lightweight
King Green,Male,Lightweight
Tyron Woodley,Male,Welterweight
Nah-Shon Burrell,Male,Welterweight
Yuri Villefort,Male,Welterweight
Neil Magny,Male,Welterweight
Jon Manley,Male,Welterweight
Caros Fodor,Male,Lightweight
Ronda Rousey,Female,Women's Bantamweight
Liz Carmouche,Female,Women's Flyweight
Hyun Gyu Lim,Male,Welterweight
Kyung Ho Kang,Male,Bantamweight
Kazuki Tokudome,Male,Lightweight
Mizuto Hirota,Male,Lightweight
Quinn Mulhern,Male,Lightweight
Jordan Mein,Male,Welterweight
Bobby Voelker,Male,Welterweight
Ryan LaFlare,Male,Welterweight
Conor McGregor,Male,Lightweight
Adlan Amagov,Male,Welterweight
Chris Spang,Male,Welterweight
Tor Troeng,Male,Middleweight
Adam Cella,Male,Middleweight
Ryan Couture,Male,Lightweight
Gegard Mousasi,Male,Middleweight
Ilir Latifi,Male,Heavyweight
Clint Hester,Male,Light Heavyweight
Bristol Marunde,Male,Welterweight
Dylan Andrews,Male,Middleweight
Jimmy Quinlan,Male,Middleweight
Luke Barnatt,Male,Middleweight
Collin Hart,Male,Middleweight
Josh Samman,Male,Middleweight
Kevin Casey,Male,Middleweight
Robert McDaniel,Male,Middleweight
Gilbert Smith,Male,Middleweight
Cat Zingano,Female,Women's Featherweight
Miesha Tate,Female,Women's Bantamweight
Kelvin Gastelum,Male,Middleweight
Uriah Hall,Male,Middleweight
Yoel Romero,Male,Middleweight
Roger Bowling,Male,Lightweight
Jorge Masvidal,Male,Welterweight
Lorenz Larkin,Male,Welterweight
Daniel Cormier,Male,Heavyweight
Gilbert Melendez,Male,Featherweight
Kurt Holobaugh,Male,Lightweight
Sara McMann,Female,Women's Bantamweight
Sheila Gaff,Female,Women's Bantamweight
Ovince Saint Preux,Male,Light Heavyweight
Gian Villante,Male,Heavyweight
Yancy Medeiros,Male,Lightweight
Iliarde Santos,Male,Flyweight
Michel Prazeres,Male,Welterweight
Joao Zeferino,Male,Welterweight
Jacare Souza,Male,Middleweight
Luke Rockhold,Male,Middleweight
Estevan Payan,Male,Featherweight
KJ Noons,Male,Lightweight
Antonio Braga Neto,Male,Middleweight
Anthony Smith,Male,Light Heavyweight
Leandro Silva,Male,Lightweight
Eddie Mendez,Male,Middleweight
Rafael Cavalcante,Male,Light Heavyweight
Leonardo Santos,Male,Lightweight
William Macario,Male,Welterweight
James Krause,Male,Welterweight
Alexis Davis,Female,Women's Bantamweight
Rosi Sexton,Female,Women's Bantamweight
Brian Melancon,Male,Welterweight
Tim Kennedy,Male,Middleweight
Roger Gracie,Male,Middleweight
Germaine de Randamie,Female,Women's Bantamweight
Julie Kedzie,Female,Women's Bantamweight
Trevor Smith,Male,Middleweight
Jessica Andrade,Female,Women's Flyweight
Viscardi Andrade,Male,Welterweight
Francimar Barroso,Male,Light Heavyweight
Amanda Nunes,Female,Women's Bantamweight
Jose Maria,Male,Flyweight
Thiago Santos,Male,Light Heavyweight
James Vick,Male,Welterweight
Zak Cummings,Male,Light Heavyweight
Brandon Thatch,Male,Welterweight
Nikita Krylov,Male,Catch Weight
Ivan Jorge,Male,Lightweight
Elias Silverio,Male,Lightweight
Ramiro Hernandez,Male,Bantamweight
Edimilson Souza,Male,Featherweight
Ali Bagautinov,Male,Flyweight
Piotr Hallmann,Male,Lightweight
Daniel Omielanczuk,Male,Heavyweight
Nandor Guelmino,Male,Heavyweight
Jesse Ronson,Male,Lightweight
Wilson Reis,Male,Flyweight
Alan Patrick,Male,Lightweight
Garett Whiteley,Male,Lightweight
Yan Cabral,Male,Lightweight
Igor Araujo,Male,Welterweight
Kyoji Horiguchi,Male,Flyweight
Andre Fili,Male,Featherweight
Sarah Kaufman,Female,Women's Bantamweight
Jessica Eye,Female,Women's Flyweight
Darrell Montague,Male,Flyweight
Robert Whiteford,Male,Featherweight
Nicholas Musoke,Male,Welterweight
Brian Houston,Male,Middleweight
Dustin Ortiz,Male,Flyweight
Adriano Martins,Male,Lightweight
Omari Akhmedov,Male,Middleweight
Santiago Ponzinibbio,Male,Welterweight
Sergio Pettis,Male,Flyweight
Anthony Lapsley,Male,Welterweight
Josh Sampo,Male,Flyweight
Ryan Benoit,Male,Flyweight
Drew Dober,Male,Lightweight
Jared Rosholt,Male,Heavyweight
Walt Harris,Male,Heavyweight
Tom Niinimaki,Male,Featherweight
Raquel Pennington,Female,Women's Bantamweight
Roxanne Modafferi,Female,Women's Flyweight
Jessamyn Duke,Female,Women's Bantamweight
Peggy Morgan,Female,Women's Bantamweight
Chris Holdsworth,Male,Bantamweight
Davey Grant,Male,Bantamweight
Julianna Pena,Female,Women's Bantamweight
Jessica Rakoczy,Female,Women's Strawweight
Alex Garcia,Male,Welterweight
Ben Wall,Male,Lightweight
Krzysztof Jotko,Male,Middleweight
Bruno Santos,Male,Middleweight
Justin Scoggins,Male,Flyweight
Richie Vaculik,Male,Flyweight
Bethe Correia,Female,Women's Bantamweight
Alptekin Ozkilic,Male,Flyweight
Zach Makovsky,Male,Flyweight
Russell Doane,Male,Bantamweight
Leandro Issa,Male,Bantamweight
Jon Delos Reyes,Male,Flyweight
Mairbek Taisumov,Male,Lightweight
Tae Hyun Bang,Male,Lightweight
Royston Wee,Male,Bantamweight
Dave Galera,Male,Bantamweight
Katsunori Kikuno,Male,Featherweight
Will Chope,Male,Featherweight
Shunichi Shimizu,Male,Bantamweight
Kiichi Kunimoto,Male,Welterweight
Luiz Dutra,Male,Welterweight
Tatsuya Kawajiri,Male,Featherweight
Sean Soriano,Male,Featherweight
Tarec Saffiedine,Male,Welterweight
Beneil Dariush,Male,Lightweight
Louis Smolka,Male,Bantamweight
George Sullivan,Male,Welterweight
Mike Rhodes,Male,Welterweight
Gasan Umalatov,Male,Welterweight
Rashid Magomedov,Male,Lightweight
Anthony Rocco Martin,Male,Welterweight
Andy Enz,Male,Middleweight
Kevin Lee,Male,Welterweight
Danny Martinez,Male,Flyweight
Zubaira Tukhugov,Male,Lightweight
Douglas Silva de Andrade,Male,Bantamweight
Albert Tumenov,Male,Welterweight
Takenori Sato,Male,Welterweight
Ernest Chavez,Male,Featherweight
Yosdenis Cedeno,Male,Lightweight
Aljamain Sterling,Male,Featherweight
Cody Gibson,Male,Bantamweight
Pedro Munhoz,Male,Bantamweight
Patrick Cummins,Male,Light Heavyweight
Mark Eddiva,Male,Featherweight
Jumabieke Tuerxun,Male,Bantamweight
Anying Wang,Male,Welterweight
Albert Cheng,Male,Welterweight
Yui Chul Nam,Male,Featherweight
Zhang Lipeng,Male,Lightweight
Sai Wang,Male,Welterweight
Danny Mitchell,Male,Welterweight
Claudio Silva,Male,Welterweight
Mats Nilsson,Male,Welterweight
Neil Seery,Male,Flyweight
Sean Strickland,Male,Middleweight
Francisco Trevino,Male,Lightweight
Noad Lahat,Male,Featherweight
Hans Stringer,Male,Light Heavyweight
Jim Alers,Male,Featherweight
Alan Omer,Male,Featherweight
Tim Gorman,Male,Bantamweight
Richard Walsh,Male,Welterweight
Chris Indich,Male,Welterweight
Nordine Taleb,Male,Welterweight
Vik Grujic,Male,Welterweight
Mike de la Torre,Male,Featherweight
Sean O'Connell,Male,Light Heavyweight
Leslie Smith,Female,Women's Bantamweight
Chad Laprise,Male,Welterweight
Olivier Aubin-Mercier,Male,Lightweight
Elias Theodorou,Male,Middleweight
Sheldon Westcott,Male,Welterweight
Derrick Lewis,Male,Heavyweight
Jack May,Male,Heavyweight
Mirsad Bektic,Male,Featherweight
Chas Skelly,Male,Featherweight
Ray Borg,Male,Bantamweight
Hernani Perpetuo,Male,Welterweight
Luke Zachrich,Male,Middleweight
Alex White,Male,Lightweight
Chris Beal,Male,Bantamweight
Patrick Williams,Male,Bantamweight
Ruan Potts,Male,Heavyweight
Li Jingliang,Male,Welterweight
David Michaud,Male,Lightweight
Aaron Phillips,Male,Bantamweight
Ruslan Magomedov,Male,Heavyweight
Viktor Pesta,Male,Heavyweight
Pawel Pawlak,Male,Welterweight
Nick Hein,Male,Lightweight
Niklas Backstrom,Male,Featherweight
Matt Hobar,Male,Bantamweight
Marcos Rogerio de Lima,Male,Heavyweight
Richardson Moreira,Male,Middleweight
Ricardo Abreu,Male,Middleweight
Wagner Silva,Male,Welterweight
Alexander Yakovlev,Male,Lightweight
Warlley Alves,Male,Middleweight
Marcio Alexandre Junior,Male,Welterweight
Antonio Carlos Junior,Male,Middleweight
Vitor Miranda,Male,Middleweight
Roger Narvaez,Male,Middleweight
Jake Lindsey,Male,Lightweight
Jason Saggo,Male,Lightweight
Josh Shockley,Male,Lightweight
Michinori Tanaka,Male,Bantamweight
Kajan Johnson,Male,Lightweight
Valerie Letourneau,Female,Women's Strawweight
Elizabeth Phillips,Female,Women's Bantamweight
Dan Hooker,Male,Lightweight
Ian Entwistle,Male,Bantamweight
Rodrigo de Lima,Male,Lightweight
Roldan Sangcha'an,Male,Flyweight
Jake Matthews,Male,Welterweight
Dashon Johnson,Male,Featherweight
Aleksei Oleinik,Male,Heavyweight
Anthony Hamilton,Male,Heavyweight
Shane Howell,Male,Flyweight
Diego Ferreira,Male,Lightweight
Joe Ellenberger,Male,Lightweight
James Moontasri,Male,Welterweight
Bubba Bush,Male,Middleweight
Guilherme Vasconcelos,Male,Middleweight
Rob Font,Male,Bantamweight
Robert Drysdale,Male,Light Heavyweight
Keith Berish,Male,Middleweight
Sarah Moras,Female,Women's Bantamweight
Alexis Dufresne,Female,Women's Bantamweight
Patrick Walsh,Male,Middleweight
Daniel Spohn,Male,Light Heavyweight
Juan Manuel Puig,Male,Featherweight
Guto Inocente,Male,Light Heavyweight
Eddie Gordon,Male,Middleweight
Dhiego Lima,Male,Welterweight
Corey Anderson,Male,Light Heavyweight
Matt Van Buren,Male,Light Heavyweight
Claudia Gadelha,Female,Women's Strawweight
Tina Lahdemaki,Female,Women's Strawweight
Jerrod Sanders,Male,Bantamweight
Paddy Holohan,Male,Flyweight
Cathal Pendred,Male,Welterweight
Mike King,Male,Middleweight
Chris Dempsey,Male,Middleweight
Joanna Jedrzejczyk,Female,Women's Strawweight
Juliana Lima,Female,Women's Strawweight
Gilbert Burns,Male,Welterweight
Andreas Stahl,Male,Welterweight
Tiago dos Santos e Silva,Male,Featherweight
Akbarh Arreola,Male,Lightweight
Brian Ortega,Male,Featherweight
Frankie Saenz,Male,Bantamweight
Nolan Ticman,Male,Flyweight
Sam Alvey,Male,Middleweight
Lauren Murphy,Female,Women's Flyweight
Alan Jouban,Male,Welterweight
Milana Dudieva,Female,Women's Bantamweight
Yao Zhikui,Male,Flyweight
Colby Covington,Male,Welterweight
Yuta Sasaki,Male,Flyweight
Alberto Mina,Male,Welterweight
Shinsho Anzai,Male,Welterweight
Guangyou Ning,Male,Featherweight
Jianping Yang,Male,Featherweight
Brendan O'Reilly,Male,Lightweight
Joby Sanchez,Male,Bantamweight
Chris Heatherly,Male,Welterweight
Valmir Lazaro,Male,Lightweight
Clay Collard,Male,Featherweight
Chris Wade,Male,Lightweight
Cain Carrizosa,Male,Lightweight
Damon Jackson,Male,Featherweight
Shayna Baszler,Female,Women's Bantamweight
Joe Soto,Male,Bantamweight
Tateki Matsuda,Male,Flyweight
Larissa Pacheco,Female,Women's Bantamweight
Wendell Oliveira Marques,Male,Welterweight
Johnny Case,Male,Lightweight
Masanori Kanehara,Male,Bantamweight
Rin Nakai,Female,Women's Bantamweight
Eddie Alvarez,Male,Lightweight
Marcin Bandel,Male,Lightweight
Charles Rosa,Male,Featherweight
Scott Askham,Male,Middleweight
Jan Blachowicz,Male,Light Heavyweight
Matt Dwyer,Male,Welterweight
Chris Kelades,Male,Flyweight
Paul Felder,Male,Lightweight
Roman Salazar,Male,Bantamweight
Christos Giagos,Male,Lightweight
Daniel Kelly,Male,Middleweight
Thomas Almeida,Male,Bantamweight
Diego Rivas,Male,Bantamweight
Rodolfo Rubio Perez,Male,Featherweight
Nina Nunes,Female,Women's Flyweight
Jorge de Oliveira,Male,Lightweight
Leon Edwards,Male,Welterweight
Marco Beltran,Male,Flyweight
Marlon Vera,Male,Bantamweight
Henry Briones,Male,Bantamweight
Guido Cannetti,Male,Bantamweight
Gabriel Benitez,Male,Lightweight
Humberto Brown Morrison,Male,Featherweight
Alejandro Perez,Male,Featherweight
Jose Quinonez,Male,Bantamweight
Yair Rodriguez,Male,Featherweight
Leonardo Morales,Male,Bantamweight
Hector Urbina,Male,Welterweight
Augusto Montano,Male,Welterweight
Dooho Choi,Male,Featherweight
Paige VanZant,Female,Women's Flyweight
Kailin Curran,Female,Women's Strawweight
Josh Copeland,Male,Heavyweight
Ashlee Evans-Smith,Female,Women's Bantamweight
Justin Jones,Male,Middleweight
Angela Hill,Female,Women's Strawweight
Emily Kagan,Female,Women's Strawweight
Aisling Daly,Female,Women's Strawweight
Alex Chambers,Female,Women's Strawweight
Tecia Pennington,Female,Women's Strawweight
Angela Magana,Female,Women's Strawweight
Joanne Wood,Female,Women's Flyweight
Seo Hee Ham,Female,Women's Strawweight
Heather Clark,Female,Women's Strawweight
Bec Rawlings,Female,Women's Flyweight
Felice Herrig,Female,Women's Strawweight
Lisa Ellis,Female,Women's Strawweight
Jessica Penne,Female,Women's Strawweight
Randa Markos,Female,Women's Strawweight
Carla Esparza,Female,Women's Strawweight
Rose Namajunas,Female,Women's Flyweight
Anthony Birchak,Male,Bantamweight
Henry Cejudo,Male,Bantamweight
Bryan Barberena,Male,Middleweight
Willie Gates,Male,Flyweight
Jake Collier,Male,Heavyweight
Renato Moicano,Male,Lightweight
Antonio Dos Santos,Male,Middleweight
Marion Reneau,Female,Women's Bantamweight
Jared Cannonier,Male,Middleweight
Cody Garbrandt,Male,Bantamweight
Frankie Perez,Male,Lightweight
Ron Stallings,Male,Middleweight
Konstantin Erokhin,Male,Heavyweight
Paul Redmond,Male,Featherweight
Anthony Christodoulou,Male,Lightweight
Makwan Amirkhani,Male,Featherweight
Sultan Aliev,Male,Welterweight
Cody Pfister,Male,Lightweight
Masio Fullen,Male,Featherweight
Alex Torres,Male,Featherweight
Holly Holm,Female,Women's Bantamweight
Joe Duffy,Male,Lightweight
Fredy Serrano,Male,Flyweight
Bentley Syler,Male,Flyweight
Alex Oliveira,Male,Welterweight
Timothy Johnson,Male,Heavyweight
Shamil Abdurakhimov,Male,Heavyweight
Taylor Lapilus,Male,Bantamweight
Rocky Lee,Male,Featherweight
Stevie Ray,Male,Lightweight
Aleksandra Albu,Female,Women's Strawweight
Izabela Badurek,Female,Women's Strawweight
Damian Stasiak,Male,Bantamweight
Mickael Lebout,Male,Lightweight
Bartosz Fabinski,Male,Middleweight
Garreth McLellan,Male,Middleweight
Maryna Moroz,Female,Women's Flyweight
Shane Campbell,Male,Lightweight
Ben Nguyen,Male,Flyweight
Jonavin Webb,Male,Welterweight
Levan Makashvili,Male,Featherweight
Islam Makhachev,Male,Lightweight
Leo Kuntz,Male,Lightweight
Tom Breese,Male,Middleweight
Ericka Almeida,Female,Women's Strawweight
Nicolas Dalby,Male,Welterweight
Elizeu Zaleski dos Santos,Male,Welterweight
Darren Till,Male,Middleweight
Magomed Mustafaev,Male,Lightweight
Arnold Allen,Male,Featherweight
Lukasz Sajewski,Male,Lightweight
Steve Kennedy,Male,Welterweight
Sirwan Kakai,Male,Bantamweight
Tony Sims,Male,Lightweight
Steve Montgomery,Male,Middleweight
Lewis Gonzalez,Male,Welterweight
Joe Merritt,Male,Welterweight
Steve Bosse,Male,Light Heavyweight
Dominic Waters,Male,Welterweight
Michelle Waterson-Gomez,Female,Women's Strawweight
Michael Graves,Male,Welterweight
Vicente Luque,Male,Welterweight
Kamaru Usman,Male,Middleweight
Hayder Hassan,Male,Welterweight
Lyman Good,Male,Welterweight
Chris de la Rocha,Male,Heavyweight
Jimmie Rivera,Male,Bantamweight
Teemu Packalen,Male,Lightweight
Cortney Casey,Female,Women's Flyweight
Dominique Steele,Male,Welterweight
Andrew Holbrook,Male,Lightweight
Jessica Aguilar,Female,Women's Strawweight
Reginaldo Vieira,Male,Bantamweight
Dileno Lopes,Male,Bantamweight
Glaico Franca Moreira,Male,Lightweight
Fernando Bruno,Male,Featherweight
Scott Holtzman,Male,Lightweight
Jonathan Wilson,Male,Middleweight
Oluwale Bamgbose,Male,Middleweight
Geane Herrera,Male,Flyweight
Misha Cirkunov,Male,Light Heavyweight
Daniel Jolly,Male,Light Heavyweight
Joaquim Silva,Male,Lightweight
Nazareno Malegarie,Male,Lightweight
Roger Zapata,Male,Welterweight
Yusuke Kasuya,Male,Lightweight
Teruto Ishihara,Male,Bantamweight
Sage Northcutt,Male,Welterweight
Matheus Nicolau,Male,Flyweight
Bruno Korea,Male,Bantamweight
Anton Zafir,Male,Welterweight
Marco Polo Reyes,Male,Featherweight
Cesar Arzamendia,Male,Lightweight
Alvaro Herrera Mendoza,Male,Lightweight
Vernon Ramos Ho,Male,Welterweight
Enrique Barzola,Male,Bantamweight
Horacio Gutierrez,Male,Featherweight
Erick Montano,Male,Welterweight
Enrique Marin,Male,Lightweight
Dong Hyun Ma,Male,Lightweight
Danny Roberts,Male,Welterweight
Nathan Coy,Male,Welterweight
Chris Gruetzemacher,Male,Lightweight
Abner Lloveras,Male,Lightweight
Julian Erosa,Male,Featherweight
Marcin Wrzosek,Male,Lightweight
Jason Knight,Male,Featherweight
Ryan Hall,Male,Featherweight
Artem Lobov,Male,Featherweight
Jocelyn Jones-Lybarger,Female,Women's Strawweight
Francis Ngannou,Male,Heavyweight
Luis Henrique,Male,Light Heavyweight
Valentina Shevchenko,Female,Women's Flyweight
Karolina Kowalkiewicz,Female,Women's Strawweight
Justine Kish,Female,Women's Flyweight
Alex Morono,Male,Welterweight
Elvis Mutapcic,Male,Middleweight
Joey Gomez,Male,Bantamweight
Kyle Bochniak,Male,Featherweight
Luke Sanders,Male,Featherweight
Mehdi Baghdad,Male,Lightweight
Felipe Olivieri,Male,Lightweight
Randy Brown,Male,Welterweight
Mickey Gall,Male,Welterweight
Mike Jackson,Male,Welterweight
Damian Grabowski,Male,Heavyweight
Alex Nicholson,Male,Middleweight
Kelly Faszholz,Female,Women's Bantamweight
Leonardo Guimaraes,Male,Middleweight
Augusto Mendes,Male,Bantamweight
David Teymur,Male,Lightweight
Martin Svensson,Male,Lightweight
Thibault Gouti,Male,Lightweight
Jarjis Danho,Male,Heavyweight
Damien Brown,Male,Lightweight
Bojan Velickovic,Male,Welterweight
Alessio Di Chirico,Male,Middleweight
Cyril Asker,Male,Heavyweight
Filip Pejic,Male,Bantamweight
Damir Hadzovic,Male,Lightweight
Cristina Stanciu,Female,Women's Strawweight
Marcin Tybura,Male,Heavyweight
Curtis Blaydes,Male,Heavyweight
Darrell Horcher,Male,Lightweight
Cody East,Male,Heavyweight
Josh Emmett,Male,Featherweight
Anna Elmose,Female,Women's Strawweight
Luan Chagas,Male,Welterweight
Cristiane Justino,Female,Women's Featherweight
Adam Milstead,Male,Light Heavyweight
Alberto Uda,Male,Middleweight
Jordan Rinaldi,Male,Featherweight
Henrique da Silva,Male,Light Heavyweight
Jonathan Meunier,Male,Welterweight
Ion Cutelaba,Male,Light Heavyweight
Belal Muhammad,Male,Welterweight
Josh Stansbury,Male,Light Heavyweight
Cory Hendricks,Male,Light Heavyweight
Will Brooks,Male,Lightweight
Tatiana Suarez,Female,Women's Strawweight
Amanda Cooper,Female,Women's Strawweight
Andrew Sanchez,Male,Middleweight
Khalil Rountree Jr.,Male,Light Heavyweight
Devin Clark,Male,Light Heavyweight
Matthew Lopez,Male,Bantamweight
Eric Spicely,Male,Middleweight
Katlyn Cerminara,Female,Women's Flyweight
Lando Vannata,Male,Lightweight
Dmitrii Smoliakov,Male,Heavyweight
JC Cottrell,Male,Lightweight
Bojan Mihajlovic,Male,Light Heavyweight
Hector Sandoval,Male,Flyweight
Justin Ledet,Male,Light Heavyweight
Chase Sherman,Male,Heavyweight
Jason Novelli,Male,Lightweight
Danielle Taylor,Female,Women's Strawweight
Joseph Gigliotti,Male,Middleweight
Marvin Vettori,Male,Middleweight
Max Griffin,Male,Welterweight
Chris Avila,Male,Featherweight
Sabah Homasi,Male,Welterweight
Mike Perry,Male,Welterweight
Jeremy Kennedy,Male,Featherweight
Alex Ricci,Male,Lightweight
Felipe Silva,Male,Lightweight
Jack Hermansson,Male,Middleweight
Christian Colombo,Male,Heavyweight
Veronica Hardy,Female,Women's Flyweight
Jessin Ayari,Male,Lightweight
Jim Wallhead,Male,Welterweight
Jason Gonzalez,Male,Lightweight
Michael McBride,Male,Lightweight
CM Punk,Male,Welterweight
Albert Morales,Male,Bantamweight
Ricky Glenn,Male,Welterweight
Gregor Gillespie,Male,Lightweight
Lina Lansberg,Female,Women's Bantamweight
Ketlen Vieira,Female,Women's Bantamweight
Joachim Christensen,Male,Light Heavyweight
Brandon Moreno,Male,Flyweight
Zak Ottow,Male,Welterweight
Marc Diakiese,Male,Lightweight
Alexa Grasso,Female,Women's Flyweight
Martin Bravo,Male,Featherweight
Claudio Puelles,Male,Lightweight
Marcin Held,Male,Lightweight
Abdul Razak Alhassan,Male,Middleweight
Charlie Ward,Male,Welterweight
Brett Johns,Male,Bantamweight
Kwan Ho Kwak,Male,Bantamweight
Mark Godbeer,Male,Heavyweight
Jack Marshman,Male,Middleweight
Alexander Volkov,Male,Heavyweight
Darren Stewart,Male,Light Heavyweight
Gadzhimurad Antigulov,Male,Light Heavyweight
Jenel Lausa,Male,Flyweight
Tyson Pedro,Male,Light Heavyweight
Alexander Volkanovski,Male,Featherweight
Jamie Moyle,Female,Women's Strawweight
Matt Schnell,Male,Bantamweight
JJ Aldrich,Female,Women's Flyweight
Ryan Janes,Male,Middleweight
Shane Burgos,Male,Featherweight
Gerald Meerschaert,Male,Middleweight
Brian Camozzi,Male,Welterweight
Ashley Yoder,Female,Women's Strawweight
Saparbeg Safarov,Male,Middleweight
Viviane Pereira,Female,Women's Strawweight
Emil Meek,Male,Welterweight
Irene Aldana,Female,Women's Bantamweight
Paul Craig,Male,Middleweight
Niko Price,Male,Welterweight
Drakkar Klose,Male,Lightweight
Devin Powell,Male,Lightweight
Alexandre Pantoja,Male,Flyweight
Eric Shelton,Male,Flyweight
Jeremy Kimball,Male,Light Heavyweight
Jordan Johnson,Male,Middleweight
Bobby Nash,Male,Welterweight
Ricardo Ramos,Male,Featherweight
Marcel Fortuna,Male,Light Heavyweight
Volkan Oezdemir,Male,Light Heavyweight
Aiemann Zahabi,Male,Bantamweight
Gina Mazany,Female,Women's Flyweight
Gavin Tucker,Male,Featherweight
Andre Soukhamthath,Male,Bantamweight
Daniel Spitz,Male,Heavyweight
Cynthia Calvillo,Female,Women's Strawweight
Paulo Costa,Male,Middleweight
Davi Ramos,Male,Lightweight
Lucie Pudilova,Female,Women's Flyweight
Bibulatov Magomed,Male,Flyweight
Desmond Green,Male,Lightweight
Pearl Gonzalez,Female,Women's Strawweight
Tom Duquesnoy,Male,Bantamweight
Cindy Dandois,Female,Women's Bantamweight
Rashad Coulter,Male,Light Heavyweight
Oliver Enkamp,Male,Welterweight
Deiveson Figueiredo,Male,Bantamweight
Brian Kelleher,Male,Bantamweight
Marlon Moraes,Male,Bantamweight
Chan-Mi Jeon,Female,Women's Strawweight
Ashkan Mokhtarian,Male,Flyweight
Luke Jumeau,Male,Welterweight
Ji Yeon Kim,Female,Women's Flyweight
Naoki Inoue,Male,Flyweight
Carls John De Tomas,Male,Bantamweight
Frank Camacho,Male,Lightweight
Rolando Dy,Male,Featherweight
Jared Gordon,Male,Lightweight
Michel Quinones,Male,Lightweight
Dominick Reyes,Male,Light Heavyweight
Tom Gallicchio,Male,Welterweight
Nick Roehrick,Male,Light Heavyweight
Justin Gaethje,Male,Lightweight
Trevin Giles,Male,Welterweight
James Bochnovic,Male,Middleweight
Cody Stamann,Male,Bantamweight
Terrion Ware,Male,Bantamweight
Amanda Lemos,Female,Women's Strawweight
Danny Henry,Male,Featherweight
Daniel Teymur,Male,Featherweight
Galore Bofando,Male,Welterweight
Justin Willis,Male,Heavyweight
James Mulheron,Male,Heavyweight
Junior Albini,Male,Heavyweight
Eryk Anders,Male,Middleweight
Jarred Brooks,Male,Flyweight
Calvin Kattar,Male,Featherweight
Tonya Evinger,Female,Women's Bantamweight
Joseph Morales,Male,Flyweight
Robert Sanchez,Male,Flyweight
Humberto Bandenay,Male,Featherweight
Abdul-Kerim Edilov,Male,Light Heavyweight
Zabit Magomedsharipov,Male,Featherweight
Mike Santiago,Male,Featherweight
Aleksandar Rakic,Male,Light Heavyweight
Mads Burnell,Male,Featherweight
Talita Bernardo,Female,Women's Bantamweight
Rob Wilkinson,Male,Middleweight
Arjan Bhullar,Male,Heavyweight
Azunna Anyanwu,Male,Heavyweight
Alex Reyes,Male,Lightweight
Daichi Abe,Male,Welterweight
Syuri Kondo,Female,Women's Strawweight
Gokhan Saki,Male,Light Heavyweight
Poliana Botelho,Female,Women's Flyweight
Mara Romero Borella,Female,Women's Flyweight
Kalindra Faria,Female,Women's Flyweight
Aspen Ladd,Female,Women's Bantamweight
Salim Touahri,Male,Welterweight
Ramazan Emeev,Male,Welterweight
Nasrat Haqparast,Male,Lightweight
Oskar Piechota,Male,Middleweight
Jodie Esquibel,Female,Women's Strawweight
Marcelo Golm,Male,Heavyweight
Karl Roberson,Male,Light Heavyweight
Adam Wieczorek,Male,Heavyweight
Nadia Kassem,Female,Women's Flyweight
Tai Tuivasa,Male,Heavyweight
Shane Young,Male,Featherweight
Jessica-Rose Clark,Female,Women's Bantamweight
Hu Yaozong,Male,Middleweight
Wulijiburen,Male,Bantamweight
Wu Yanan,Female,Women's Bantamweight
Song Yadong,Male,Bantamweight
Bharat Kandare,Male,Featherweight
Yan Xiaonan,Female,Women's Strawweight
Song Kenan,Male,Welterweight
Sheymon Moraes,Male,Featherweight
Muslim Salikhov,Male,Welterweight
Wang Guan,Male,Featherweight
Gillian Robertson,Female,Women's Strawweight
Emily Whitmire,Female,Women's Flyweight
Shana Dobson,Female,Women's Flyweight
Ariel Beck,Female,Women's Flyweight
Rachael Ostovich,Female,Women's Flyweight
Karine Gevorgyan,Female,Women's Flyweight
Montana De La Rosa,Female,Women's Flyweight
Christina Marks,Female,Women's Flyweight
DeAnna Bennett,Female,Women's Flyweight
Melinda Fabian,Female,Women's Flyweight
Barb Honchak,Female,Women's Flyweight
Sean O'Malley,Male,Bantamweight
Nicco Montano,Female,Women's Bantamweight
Allen Crowder,Male,Heavyweight
Merab Dvalishvili,Male,Bantamweight
Alex Perez,Male,Flyweight
Benito Lopez,Male,Bantamweight
Markus Perez,Male,Middleweight
Julian Marquez,Male,Middleweight
Mark De La Rosa,Male,Bantamweight
Michal Oleksiejczuk,Male,Middleweight
Matt Frevola,Male,Lightweight
Matt Bessette,Male,Featherweight
Julio Arce,Male,Featherweight
Dan Ige,Male,Catch Weight
Brandon Davis,Male,Bantamweight
Cory Sandhagen,Male,Bantamweight
Austin Arnett,Male,Featherweight
Polyana Viana,Female,Women's Strawweight
Maia Stevenson,Female,Women's Strawweight
Priscila Cachoeira,Female,Women's Bantamweight
Israel Adesanya,Male,Middleweight
Tim Williams,Male,Middleweight
Geoff Neal,Male,Welterweight
Steven Peterson,Male,Featherweight
Curtis Millender,Male,Welterweight
Manny Bermudez,Male,Featherweight
Marcin Prachnio,Male,Light Heavyweight
Alexander Hernandez,Male,Lightweight
Mackenzie Dern,Female,Women's Strawweight
Yana Santos,Female,Women's Bantamweight
Dmitry Sosnovskiy,Male,Heavyweight
Magomed Ankalaev,Male,Light Heavyweight
Hakeem Dawodu,Male,Featherweight
Charles Byrd,Male,Middleweight
John Phillips,Male,Middleweight
Mike Rodriguez,Male,Light Heavyweight
Lauren Mueller,Female,Women's Flyweight
Dan Moret,Male,Lightweight
Ricky Rainey,Male,Welterweight
Ricky Simon,Male,Bantamweight
Andrea Lee,Female,Women's Flyweight
Molly McCann,Female,Women's Strawweight
Carlo Pedersoli Jr.,Male,Welterweight
Craig White,Male,Welterweight
Jose Torres,Male,Flyweight
Nathaniel Wood,Male,Featherweight
Chance Rencountre,Male,Welterweight
Sijara Eubanks,Female,Women's Flyweight
Megan Anderson,Female,Women's Featherweight
Hector Aldana,Male,Welterweight
Petr Yan,Male,Bantamweight
Bryce Mitchell,Male,Featherweight
Tyler Diamond,Male,Featherweight
John Gunther,Male,Lightweight
Allan Zuniga,Male,Lightweight
Luis Pena,Male,Lightweight
Richie Smullen,Male,Lightweight
Brad Katona,Male,Bantamweight
Jay Cucciniello,Male,Featherweight
Michael Trizano,Male,Featherweight
Joe Giannetti,Male,Lightweight
Elias Garcia,Male,Flyweight
Jennifer Maia,Female,Women's Flyweight
Raoni Barcelos,Male,Bantamweight
Said Nurmagomedov,Male,Bantamweight
Blagoy Ivanov,Male,Heavyweight
Pingyuan Liu,Male,Bantamweight
Darko Stosic,Male,Light Heavyweight
Nad Narimani,Male,Catch Weight
Khalid Taha,Male,Bantamweight
David Zawada,Male,Welterweight
Abu Azaitar,Male,Middleweight
Zhang Weili,Female,Women's Strawweight
Matt Sayles,Male,Lightweight
Montel Jackson,Male,Bantamweight
Kevin Holland,Male,Middleweight
Stefan Sekulic,Male,Welterweight
Adam Yandiev,Male,Middleweight
Jin Soo Son,Male,Bantamweight
Khalid Murtazaliev,Male,Middleweight
Aleksei Kunchenko,Male,Welterweight
Livinha Souza,Female,Women's Strawweight
Luigi Vendramini,Male,Lightweight
Mayra Bueno Silva,Female,Women's Bantamweight
Augusto Sakai,Male,Heavyweight
Ryan Spann,Male,Light Heavyweight
Marina Rodriguez,Female,Women's Strawweight
Andre Ewell,Male,Featherweight
Jalin Turner,Male,Lightweight
Don Madge,Male,Lightweight
Te Edwards,Male,Lightweight
Chris Fishgold,Male,Featherweight
Jonathan Martinez,Male,Bantamweight
Devonte Smith,Male,Lightweight
Bobby Moffett,Male,Featherweight
Maycee Barber,Female,Women's Flyweight
Hannah Cifers,Female,Women's Strawweight
Thiago Moises,Male,Lightweight
Anderson Dos Santos,Male,Bantamweight
Jesus Pinedo,Male,Lightweight
Laureano Staropoli,Male,Middleweight
Ian Heinisch,Male,Middleweight
Johnny Walker,Male,Light Heavyweight
Sumudaerji,Male,Bantamweight
Martin Day,Male,Featherweight
Vince Morales,Male,Bantamweight
Sergei Pavlovich,Male,Heavyweight
Chris Gutierrez,Male,Bantamweight
Roosevelt Roberts,Male,Lightweight
Leah Letson,Female,Women's Featherweight
Julija Stoliarenko,Female,Women's Flyweight
Maurice Greene,Male,Heavyweight
Michel Batista,Male,Heavyweight
Kevin Aguilar,Male,Featherweight
Antonina Shevchenko,Female,Women's Flyweight
Edmen Shahbazyan,Male,Middleweight
Macy Chiasson,Female,Women's Bantamweight
Pannie Kianzad,Female,Women's Bantamweight
Juan Espino,Male,Heavyweight
Justin Frazier,Male,Heavyweight
Damir Ismagulov,Male,Lightweight
Alex Gorgees,Male,Lightweight
Kai Kara-France,Male,Flyweight
Jimmy Crute,Male,Light Heavyweight
Sodiq Yusuff,Male,Featherweight
Suman Mokhtarian,Male,Featherweight
Kyle Nelson,Male,Featherweight
Juan Adams,Male,Heavyweight
Jordan Griffin,Male,Featherweight
Dwight Grant,Male,Middleweight
Bevon Lewis,Male,Middleweight
Kyle Stewart,Male,Welterweight
Mario Bautista,Male,Bantamweight
Alonzo Menifield,Male,Light Heavyweight
Vinicius Moreira,Male,Light Heavyweight
Ariane da Silva,Female,Women's Flyweight
Greg Hardy,Male,Heavyweight
Rogerio Bontorin,Male,Flyweight
Geraldo de Freitas,Male,Bantamweight
Felipe Colares,Male,Featherweight
Jairzinho Rozenstruik,Male,Heavyweight
Taila Santos,Female,Women's Flyweight
Anthony Hernandez,Male,Middleweight
Sarah Frota,Female,Women's Flyweight
Callan Potter,Male,Welterweight
Raulian Paiva,Male,Bantamweight
Marcos Mariano,Male,Lightweight
Kron Gracie,Male,Featherweight
Joel Alvarez,Male,Lightweight
Ismail Naurdiev,Male,Welterweight
Klidson Abreu,Male,Light Heavyweight
Ben Askren,Male,Welterweight
Jeff Hughes,Male,Heavyweight
Grant Dawson,Male,Lightweight
Mike Grundy,Male,Featherweight
Nicolae Negumereanu,Male,Light Heavyweight
Jordan Espinosa,Male,Flyweight
Ryan MacDonald,Male,Bantamweight
Sabina Mazo,Female,Women's Flyweight
Casey Kenney,Male,Bantamweight
Kennedy Nzechukwu,Male,Light Heavyweight
Randy Costa,Male,Bantamweight
Boston Salmon,Male,Bantamweight
Zelim Imadaev,Male,Welterweight
Rafael Fiziev,Male,Lightweight
Alex Da Silva,Male,Lightweight
Movsar Evloev,Male,Featherweight
SeungWoo Choi,Male,Featherweight
Alen Amedovski,Male,Middleweight
Arman Tsarukyan,Male,Lightweight
Mike Davis,Male,Lightweight
Virna Jandiroba,Female,Women's Strawweight
Takashi Sato,Male,Welterweight
Thomas Gifford,Male,Lightweight
Cole Smith,Male,Bantamweight
Kyle Prepolec,Male,Lightweight
Marc-Andre Barriault,Male,Middleweight
Serghei Spivac,Male,Heavyweight
Viviane Araujo,Female,Women's Flyweight
Carlos Huachin,Male,Bantamweight
Luana Carolina,Female,Women's Flyweight
Michel Pereira,Male,Middleweight
Charles Jourdain,Male,Featherweight
Austin Hubbard,Male,Lightweight
Derrick Krantz,Male,Welterweight
Felicia Spencer,Female,Women's Featherweight
Danilo Belluardo,Male,Lightweight
Bea Malecki,Female,Women's Bantamweight
Duda Santana,Female,Women's Bantamweight
Sergey Khandozhko,Male,Welterweight
Rostem Akman,Male,Welterweight
Sung Bin Jo,Male,Featherweight
Grigory Popov,Male,Bantamweight
Deron Winn,Male,Middleweight
Amanda Ribas,Female,Women's Flyweight
Dalcha Lungiambula,Male,Middleweight
Dequan Townsend,Male,Middleweight
Journey Newson,Male,Catch Weight
Julia Avila,Female,Women's Bantamweight
Nohelin Hernandez,Male,Bantamweight
Brianna Fortino,Female,Women's Strawweight
John Allan,Male,Light Heavyweight
Wellington Turman,Male,Welterweight
Domingo Pilarte,Male,Bantamweight
Gabriel Silva,Male,Bantamweight
Yoshinori Horie,Male,Featherweight
Miranda Granger,Female,Women's Strawweight
Hannah Goldy,Female,Women's Strawweight
Cole Williams,Male,Welterweight
Kazula Vargas,Male,Lightweight
Ciryl Gane,Male,Heavyweight
Raphael Pessoa,Male,Heavyweight
Rodolfo Vieira,Male,Middleweight
Eduardo Garagorri,Male,Featherweight
Khama Worthy,Male,Lightweight
Karol Rosa,Female,Women's Bantamweight
Lara Procopio,Female,Women's Flyweight
Alatengheili,Male,Bantamweight
Batgerel Danaa,Male,Bantamweight
Da Woon Jung,Male,Light Heavyweight
Khadis Ibragimov,Male,Light Heavyweight
JunYong Park,Male,Middleweight
Mizuki,Female,Women's Strawweight
Fares Ziam,Male,Lightweight
Ottman Azaitar,Male,Lightweight
Liana Jojua,Female,Women's Flyweight
Lerone Murphy,Male,Featherweight
Hunter Azure,Male,Bantamweight
Miles Johns,Male,Bantamweight
Tristan Connelly,Male,Featherweight
Tyson Nam,Male,Flyweight
Ariane Carnelossi,Female,Women's Strawweight
Vanessa Melo,Female,Women's Bantamweight
Askar Askarov,Male,Flyweight
Jack Shore,Male,Featherweight
Giga Chikadze,Male,Featherweight
Makhmud Muradov,Male,Middleweight
Mark Madsen,Male,Lightweight
Bruno Silva,Male,Flyweight
Zarah Fairn,Male,Catch Weight
Brad Riddell,Male,Lightweight
Jamie Mullarkey,Male,Lightweight
Maki Pitolo,Male,Middleweight
Yorgan De Castro,Male,Heavyweight
Justin Tafa,Male,Heavyweight
Miguel Baeza,Male,Welterweight
Tanner Boser,Male,Light Heavyweight
Brendan Allen,Male,Middleweight
Sean Brady,Male,Welterweight
Sean Woodson,Male,Featherweight
Diana Belbita,Female,Women's Strawweight
Jonathan Pearce,Male,Featherweight
Ben Sosoli,Male,Heavyweight
Loma Lookboonmee,Female,Women's Strawweight
Don'Tale Mayes,Male,Heavyweight
Abubakar Nurmagomedov,Male,Welterweight
Roman Kopylov,Male,Middleweight
Shamil Gamzatov,Male,Light Heavyweight
Tracy Cortez,Female,Women's Flyweight
Isabela de Padua,Female,Women's Flyweight
Andre Muniz,Male,Middleweight
Antonio Arroyo,Male,Middleweight
Mallory Martin,Female,Women's Strawweight
Joe Solecki,Male,Lightweight
Billy Quarantillo,Male,Featherweight
Jacob Kilburn,Male,Featherweight
Punahele Soriano,Male,Welterweight
Chase Hooper,Male,Lightweight
Omar Morales,Male,Lightweight
Aleksa Camur,Male,Light Heavyweight
Ode Osbourne,Male,Flyweight
Herbert Burns,Male,Featherweight
Nate Landwehr,Male,Featherweight
Tony Gravely,Male,Bantamweight
Jamahal Hill,Male,Light Heavyweight
Youssef Zalal,Male,Featherweight
Austin Lingo,Male,Featherweight
Khaos Williams,Male,Welterweight
Shanna Young,Female,Women's Flyweight
Daniel Rodriguez,Male,Middleweight
Brok Weaver,Male,Catch Weight
Josh Culibao,Male,Featherweight
Spike Carlyle,Male,Featherweight
Aalon Cruz,Male,Lightweight
TJ Brown,Male,Featherweight
Steve Garcia,Male,Featherweight
Kyler Phillips,Male,Bantamweight
Darrick Minner,Male,Featherweight
Norma Dumont,Female,Women's Bantamweight
Jamall Emmers,Male,Featherweight
David Dvorak,Male,Flyweight
Ike Villanueva,Male,Light Heavyweight
Philipe Lins,Male,Light Heavyweight
Rodrigo Nascimento,Male,Heavyweight
Irwin Rivera,Male,Bantamweight
Brandon Royval,Male,Flyweight
Gabe Green,Male,Welterweight
Christian Aguilera,Male,Welterweight
Anthony Ivy,Male,Welterweight
Zarrukh Adashev,Male,Flyweight
Gustavo Lopez,Male,Bantamweight
Mariya Agapova,Female,Women's Flyweight
Max Rohskopf,Male,Lightweight
Justin Jaynes,Male,Featherweight
Kay Hansen,Female,Women's Strawweight
Jinh Yu Frey,Female,Women's Strawweight
Jason Witt,Male,Catch Weight
Kyle Daukaus,Male,Middleweight
Zhalgas Zhumagulov,Male,Flyweight
Maxim Grishin,Male,Light Heavyweight
Roman Bogatov,Male,Lightweight
Jiri Prochazka,Male,Light Heavyweight
Modestas Bukauskas,Male,Light Heavyweight
Andreas Michailidis,Male,Welterweight
Khamzat Chimaev,Male,Middleweight
Mounir Lazzez,Male,Welterweight
Carlos Felipe,Male,Heavyweight
Amir Albazi,Male,Flyweight
Malcolm Gordon,Male,Flyweight
Roman Dolidze,Male,Middleweight
John Castaneda,Male,Bantamweight
Niklas Stolze,Male,Lightweight
Tom Aspinall,Male,Heavyweight
Jai Herbert,Male,Lightweight
Rhys McKee,Male,Welterweight
Cody Durden,Male,Bantamweight
Vince Cachero,Male,Bantamweight
Nate Maness,Male,Flyweight
Johnny Munoz,Male,Bantamweight
Ali AlQaisi,Male,Bantamweight
Peter Barrett,Male,Featherweight
Alexander Munoz,Male,Lightweight
Joaquin Buckley,Male,Welterweight
Kai Kamaka,Male,Featherweight
Tony Kelley,Male,Bantamweight
Chris Daukaus,Male,Light Heavyweight
Parker Porter,Male,Heavyweight
Danny Chavez,Male,Featherweight
Timur Valiev,Male,Bantamweight
Trevin Jones,Male,Bantamweight
Matthew Semelsberger,Male,Welterweight
Carlton Minus,Male,Catch Weight
Jordan Wright,Male,Light Heavyweight
Austin Springer,Male,Featherweight
Impa Kasanganay,Male,Welterweight
Bill Algeo,Male,Featherweight
Ray Rodriguez,Male,Bantamweight
Alexandr Romanov,Male,Heavyweight
Roque Martinez,Male,Heavyweight
Kevin Croom,Male,Bantamweight
Jerome Rivera,Male,Flyweight
TJ Laramie,Male,Featherweight
Sarah Alpar,Female,Women's Flyweight
Danilo Marques,Male,Light Heavyweight
William Knight,Male,Light Heavyweight
Ludovit Klein,Male,Lightweight
Nassourdine Imavov,Male,Middleweight
Jordan Williams,Male,Welterweight
Dusko Todorovic,Male,Middleweight
Cameron Else,Male,Bantamweight
Tagir Ulanbekov,Male,Flyweight
Stephanie Egger,Female,Women's Bantamweight
KB Bhullar,Male,Middleweight
Ilia Topuria,Male,Featherweight
Alan Baudot,Male,Heavyweight
Dricus Du Plessis,Male,Middleweight
Mark Striegl,Male,Featherweight
Guram Kutateladze,Male,Lightweight
Mateusz Gamrot,Male,Lightweight
Miranda Maverick,Female,Women's Flyweight
Shavkat Rakhmonov,Male,Welterweight
Liliya Shakirova,Female,Women's Flyweight
Phil Hawes,Male,Middleweight
Jacob Malkoun,Male,Middleweight
Kevin Natividad,Male,Bantamweight
Adrian Yanez,Male,Bantamweight
Victor Rodriguez,Male,Flyweight
Charlie Ontiveros,Male,Lightweight
Ramiz Brahimaj,Male,Welterweight
Jamey Simmons,Male,Bantamweight
Kanako Murata,Female,Women's Strawweight
Cory McKenna,Female,Women's Strawweight
Sasha Palatnikov,Male,Welterweight
Louis Cosce,Male,Welterweight
Dustin Stoltzfus,Male,Middleweight
Jared Gooden,Male,Welterweight
Josh Parisian,Male,Heavyweight
Jordan Leavitt,Male,Lightweight
Sam Hughes,Female,Women's Strawweight
Jimmy Flick,Male,Flyweight
Tafon Nchukwi,Male,Middleweight
Jamie Pickett,Male,Middleweight
Joselyne Edwards,Female,Women's Bantamweight
Manon Fiorot,Female,Women's Flyweight
Victoria Leonardo,Female,Women's Flyweight
Umar Nurmagomedov,Male,Bantamweight
Sergey Morozov,Male,Bantamweight
Mason Jones,Male,Lightweight
Francisco Figueiredo,Male,Flyweight
Gaetano Pirrello,Male,Bantamweight
Michael Chandler,Male,Lightweight
Manel Kape,Male,Flyweight
Phil Rowe,Male,Welterweight
Jared Vanderaa,Male,Heavyweight
Drako Rodriguez,Male,Bantamweight
Casey O'Neill,Female,Women's Flyweight
Ronnie Lawrence,Male,Bantamweight
Uros Medic,Male,Welterweight
Carlos Ulberg,Male,Light Heavyweight
Gloria de Paula,Female,Women's Strawweight
Rafa Garcia,Male,Lightweight
Marcelo Rojo,Male,Featherweight
JP Buys,Male,Bantamweight
Jesse Strader,Male,Bantamweight
Harry Hunsucker,Male,Light Heavyweight
Montserrat Conejo Ruiz,Female,Women's Strawweight
Cheyanne Vlismas,Female,Women's Strawweight
Fabio Cherant,Male,Light Heavyweight
Luis Saldana,Male,Featherweight
Ignacio Bahamondes,Male,Lightweight
Dakota Bush,Male,Lightweight
Loopy Godinez,Female,Women's Strawweight
Liang Na,Female,Women's Flyweight
Jeff Molina,Male,Flyweight
Aoriqileng,Male,Bantamweight
Rongzhu,Male,Lightweight
Pat Sabatini,Male,Featherweight
Luana Pinheiro,Female,Women's Strawweight
Carlston Harris,Male,Welterweight
Tucker Lutz,Male,Featherweight
Rafael Alves,Male,Lightweight
Juancamilo Ronderos,Male,Flyweight
Shayilan Nuerdanbieke,Male,Featherweight
Chris Barnett,Male,Heavyweight
Tabatha Ricci,Female,Women's Strawweight
Kamuela Kirk,Male,Lightweight
Gregory Rodrigues,Male,Middleweight
Terrance McKinney,Male,Lightweight
Jeremiah Wells,Male,Welterweight
Kris Moutinho,Male,Bantamweight
Preston Parsons,Male,Welterweight
Elise Reed,Female,Women's Strawweight
Orion Cosce,Male,Welterweight
Melsik Baghdasaryan,Male,Featherweight
Collin Anglin,Male,Featherweight
Melissa Gatto,Female,Women's Bantamweight
Josiane Nunes,Female,Women's Bantamweight
Saidyokub Kakhramonov,Male,Bantamweight
Mana Martinez,Male,Bantamweight
Vanessa Demopoulos,Female,Women's Strawweight
Andre Petroski,Male,Middleweight
Micheal Gillmore,Male,Welterweight
Ricky Turcios,Male,Bantamweight
Brady Hiestand,Male,Bantamweight
Bryan Battle,Male,Welterweight
Gilbert Urbina,Male,Welterweight
Liudvik Sholinian,Male,Bantamweight
Paddy Pimblett,Male,Lightweight
Erin Blanchfield,Female,Women's Flyweight
Brandon Jenkins,Male,Lightweight
Mandy Bohm,Female,Women's Flyweight
Martin Sano,Male,Welterweight
Nick Maximov,Male,Middleweight
Cody Brundage,Male,Middleweight
Mike Breeden,Male,Lightweight
Silvana Gomez Juarez,Female,Women's Strawweight
Istela Nunes,Female,Women's Strawweight
Erick Gonzalez,Male,Lightweight
Zviad Lazishvili,Male,Bantamweight
Daniel Lacerda,Male,Flyweight
Maria Oliveira,Female,Women's Strawweight
David Onama,Male,Featherweight
Allan Nascimento,Male,Flyweight
Benoit Saint Denis,Male,Lightweight
Albert Duraev,Male,Middleweight
CJ Vergara,Male,Flyweight
Bruno Souza,Male,Featherweight
Ian Machado Garry,Male,Welterweight
Chris Curtis,Male,Middleweight
Alex Pereira,Male,Light Heavyweight
Natan Levy,Male,Lightweight
Darian Weeks,Male,Welterweight
Joseph Holmes,Male,Middleweight
Joanderson Brito,Male,Featherweight
Viacheslav Borshchev,Male,Lightweight
Jasmine Jasudavicius,Female,Women's Flyweight
Genaro Valdez,Male,Lightweight
Saimon Oliveira,Male,Bantamweight
Jack Della Maddalena,Male,Welterweight
Pete Rodriguez,Male,Welterweight
Victor Henry,Male,Bantamweight
Michael Morales,Male,Welterweight
Andre Fialho,Male,Welterweight
Denys Bondar,Male,Flyweight
Jailton Almeida,Male,Heavyweight
Chidi Njokuani,Male,Welterweight
Tresean Gore,Male,Middleweight
Blood Diamond,Male,Welterweight
AJ Dobson,Male,Middleweight
Jay Perrin,Male,Bantamweight
Christian Rodriguez,Male,Featherweight
Chad Anheliger,Male,Bantamweight
Nikolas Motta,Male,Lightweight
Carlos Hernandez,Male,Flyweight
Victor Altamirano,Male,Flyweight
Ramona Pascual,Female,Women's Bantamweight
Armen Petrosyan,Male,Middleweight
Azamat Murzakanov,Male,Light Heavyweight
Javid Basharat,Male,Bantamweight
AJ Fletcher,Male,Welterweight
Muhammad Mokaev,Male,Flyweight
Aliaskhab Khizriev,Male,Middleweight
Denis Tiuliulin,Male,Middleweight
Daniel Santos,Male,Bantamweight
Piera Rodriguez,Female,Women's Strawweight
Mike Malott,Male,Welterweight
Josh Fremd,Male,Middleweight
Trey Ogden,Male,Lightweight
Martin Buday,Male,Heavyweight
Ange Loosa,Male,Welterweight
Caio Borralho,Male,Middleweight
Gadzhi Omargadzhiev,Male,Welterweight
Dean Barry,Male,Welterweight
Evan Elder,Male,Welterweight
Yohan Lainesse,Male,Welterweight
Fernie Garcia,Male,Featherweight
Kleydson Rodrigues,Male,Bantamweight
Cameron VanCamp,Male,Lightweight
Tatsuro Taira,Male,Flyweight
Carlos Candelario,Male,Flyweight
Jake Hadley,Male,Bantamweight
Manuel Torres,Male,Lightweight
Rinat Fakhretdinov,Male,Welterweight
Dan Argueta,Male,Bantamweight
Askar Mozharov,Male,Light Heavyweight
Karine Silva,Female,Women's Flyweight
Lucas Almeida,Male,Featherweight
Maheshate,Male,Lightweight
Natalia Silva,Female,Women's Flyweight
Garrett Armfield,Male,Bantamweight
Emily Ducote,Female,Women's Strawweight
Charles Johnson,Male,Flyweight
Ihor Potieria,Male,Middleweight
Adam Fugitt,Male,Welterweight
Hamdy Abdelwahab,Male,Heavyweight
Juliana Miller,Female,Women's Flyweight
Brogan Walker,Female,Women's Flyweight
Mohammed Usman,Male,Heavyweight
Zac Pauga,Male,Light Heavyweight
Da'Mon Blackshear,Male,Bantamweight
Josh Quinlan,Male,Welterweight
Lukasz Brzeski,Male,Heavyweight
Yazmin Jauregui,Female,Women's Strawweight
Iasmin Lucindo,Female,Women's Strawweight
Ailin Perez,Female,Women's Bantamweight
Cristian Quinonez,Male,Bantamweight
Gabriel Miranda,Male,Featherweight
Michal Figlak,Male,Lightweight
Abus Magomedov,Male,Middleweight
William Gomis,Male,Featherweight
Jarno Errens,Male,Featherweight
Melissa Martinez,Female,Women's Strawweight
Danyelle Wolf,Female,Women's Featherweight
Anton Turkalj,Male,Light Heavyweight
Daniel Zellhuber,Male,Lightweight
Denise Gomes,Female,Women's Strawweight
Joe Pyfer,Male,Middleweight
Chelsea Chandler,Female,Women's Bantamweight
Don Shainis,Male,Featherweight
Lucas Alexander,Male,Featherweight
Joshua Weems,Male,Bantamweight
Carlos Mota,Male,Flyweight
Waldo Cortes-Acosta,Male,Heavyweight
Tamires Vidal,Female,Women's Bantamweight
Tereza Bleda,Female,Women's Flyweight
Francis Marshall,Male,Lightweight
Cameron Saaiman,Male,Bantamweight
Steven Koslow,Male,Bantamweight
Erik Silva,Male,Featherweight
Raul Rosas Jr.,Male,Bantamweight
Alessandro Costa,Male,Flyweight
Nick Aguirre,Male,Bantamweight
Mateusz Rebecki,Male,Lightweight
Nick Fiore,Male,Lightweight
Claudio Ribeiro,Male,Middleweight
Mateus Mendonca,Male,Flyweight
Daniel Marcos,Male,Bantamweight
Ismael Bonfim,Male,Lightweight
Luan Lacerda,Male,Bantamweight
Gabriel Bonfim,Male,Welterweight
Melquizael Costa,Male,Featherweight
Brunno Ferreira,Male,Middleweight
Jesus Aguilar,Male,Flyweight
HyunSung Park,Male,Flyweight
SeungGuk Choi,Male,Flyweight
Rinya Nakamura,Male,Bantamweight
Toshiomi Kazama,Male,Bantamweight
JeongYeong Lee,Male,Featherweight
Yizha,Male,Featherweight
Anshul Jubli,Male,Lightweight
Jeka Saragih,Male,Featherweight
Yusaku Kinoshita,Male,Welterweight
Elves Brener,Male,Lightweight
Blake Bilder,Male,Featherweight
Jack Jenkins,Male,Featherweight
Francisco Prado,Male,Lightweight
Shannon Ross,Male,Flyweight
Clayton Carpenter,Male,Flyweight
Themba Gorimbo,Male,Welterweight
Khusein Askhabov,Male,Featherweight
Nazim Sadykhov,Male,Lightweight
Jamal Pogues,Male,Heavyweight
Nurullo Aliev,Male,Lightweight
Carl Deaton,Male,Lightweight
Victor Martinez,Male,Lightweight
Gabriella Fernandes,Female,Women's Flyweight
Trevor Peek,Male,Lightweight
Loik Radzhabov,Male,Lightweight
Esteban Ribovics,Male,Lightweight
Farid Basharat,Male,Bantamweight
Bo Nickal,Male,Middleweight
Sedriques Dumas,Male,Middleweight
Karl Williams,Male,Heavyweight
Vitor Petrino,Male,Light Heavyweight
Christian Leroy Duncan,Male,Middleweight
Gabriel Santos,Male,Featherweight
Jafel Filho,Male,Flyweight
Yanal Ashmouz,Male,Lightweight
Sam Patterson,Male,Welterweight
Chris Duncan,Male,Lightweight
Vinicius Salvador,Male,Bantamweight
Jaqueline Amorim,Female,Women's Strawweight
Gaston Bolanos,Male,Bantamweight
Bruna Brasil,Female,Women's Strawweight
Junior Tafa,Male,Heavyweight
Jamey-Lyn Horth,Female,Women's Flyweight
Hailey Cowan,Female,Women's Bantamweight
Marcus McGhee,Male,Bantamweight
Irina Alekseeva,Female,Women's Bantamweight
Trey Waters,Male,Welterweight
Fernando Padilla,Male,Featherweight
Ikram Aliskerov,Male,Middleweight
Braxton Smith,Male,Heavyweight
Rolando Bedoya,Male,Lightweight
Diego Lopes,Male,Featherweight
Tainara Lisboa,Female,Women's Bantamweight
Muhammad Naimov,Male,Featherweight
Muin Gafurov,Male,Bantamweight
Ketlen Souza,Female,Women's Strawweight
Jesse Butler,Male,Bantamweight
Steve Erceg,Male,Flyweight
Chepe Mariscal,Male,Featherweight
Joshua Van,Male,Flyweight
Austen Lane,Male,Heavyweight
Ivana Petrovic,Female,Women's Flyweight
Westin Wilson,Male,Featherweight
Nursulton Ruziboev,Male,Welterweight
Terrence Mitchell,Male,Bantamweight
Edgar Chairez,Male,Flyweight
Val Woodburn,Male,Welterweight
Azat Maksum,Male,Flyweight
Viktoriia Dudakova,Female,Women's Strawweight
Bassil Hafez,Male,Welterweight
Daniel Barez,Male,Flyweight
Shauna Bannon,Female,Women's Strawweight
Mick Parkin,Male,Heavyweight
Jonny Parsons,Male,Welterweight
Darrius Flowers,Male,Welterweight
Asu Almabayev,Male,Flyweight
Dennis Buzukja,Male,Lightweight
Luana Santos,Female,Women's Flyweight
Jose Johnson,Male,Flyweight
Isaac Dulgarian,Male,Featherweight
Billy Ray Goff,Male,Welterweight
Jacqueline Cavalcanti,Female,Women's Bantamweight
Nora Cornolle,Female,Women's Bantamweight
Caolan Loughran,Male,Bantamweight
Morgan Charriere,Male,Featherweight
Manolo Zecchini,Male,Featherweight
Yanis Ghemmouri,Male,Bantamweight
Bogdan Guskov,Male,Light Heavyweight
Kevin Jousset,Male,Welterweight
Kiefer Crosbie,Male,Welterweight
Charles Radtke,Male,Welterweight
Landon Quinones,Male,Lightweight
Felipe dos Santos,Male,Flyweight
Josefine Knutsson,Female,Women's Strawweight
Marnic Mann,Female,Women's Strawweight
Charlie Campbell,Male,Lightweight
Montserrat Rendon,Female,Women's Bantamweight
Melissa Mullins,Female,Women's Bantamweight
Brendon Marotte,Male,Featherweight
Ravena Oliveira,Female,Women's Bantamweight
Shara Magomedov,Male,Middleweight
Mohammad Yahya,Male,Lightweight
Kaue Fernandes,Male,Lightweight
Eduarda Moura,Female,Women's Strawweight
Kaynan Kruschewsky,Male,Lightweight
Kevin Borjas,Male,Flyweight
Rafael Estevam,Male,Flyweight
Caio Machado,Male,Heavyweight
Myktybek Orolbai,Male,Lightweight
Payton Talbott,Male,Bantamweight
Rodolfo Bellato,Male,Light Heavyweight
Zachary Reese,Male,Middleweight
Talita Alencar,Female,Women's Strawweight
Rayanne dos Santos,Female,Women's Strawweight
Shamil Gaziev,Male,Heavyweight
Felipe Bunes,Male,Flyweight
Tom Nolan,Male,Lightweight
Jean Silva,Male,Lightweight
Ramon Taveras,Male,Bantamweight
Serhiy Sidey,Male,Bantamweight
Thomas Petersen,Male,Heavyweight
MarQuel Mederos,Male,Lightweight
Hyder Amil,Male,Featherweight
Bolaji Oki,Male,Lightweight
Timmy Cuamba,Male,Featherweight
Carlos Prates,Male,Welterweight
Robert Bryczek,Male,Middleweight
Oban Elliott,Male,Welterweight
Danny Barlow,Male,Welterweight
Zhang Mingyang,Male,Light Heavyweight
Brendson Ribeiro,Male,Light Heavyweight
Carlos Vera,Male,Bantamweight
Ronaldo Rodriguez,Male,Flyweight
Abdul-Kareem Al-Selwady,Male,Lightweight
AJ Cunningham,Male,Lightweight
Vinicius Oliveira,Male,Bantamweight
Benardo Sopaj,Male,Bantamweight
Bekzat Almakhan,Male,Bantamweight
Robelis Despaigne,Male,Heavyweight
Michael Page,Male,Welterweight
Charalampos Grigoriou,Male,Bantamweight
Mitch Ramirez,Male,Lightweight
Danny Silva,Male,Featherweight
Andre Lima,Male,Flyweight
Igor Severino,Male,Flyweight
Daria Zhelezniakova,Female,Women's Bantamweight
Steven Nguyen,Male,Featherweight
Luis Pajuelo,Male,Featherweight
Angel Pacheco,Male,Bantamweight
Ibo Aslan,Male,Light Heavyweight
Connor Matthews,Male,Featherweight
Cesar Almeida,Male,Middleweight
Dylan Budka,Male,Middleweight
Jean Matsumoto,Male,Bantamweight
Victor Hugo,Male,Bantamweight
Pedro Falcao,Male,Bantamweight
Valter Walker,Male,Heavyweight
Kayla Harrison,Female,Women's Bantamweight
Chris Padilla,Male,Lightweight
James Llontop,Male,Lightweight
Jhonata Diniz,Male,Heavyweight
Dione Barbosa,Female,Women's Flyweight
Ernesta Kareckaite,Female,Women's Flyweight
Mauricio Ruffy,Male,Lightweight
Oumar Sy,Male,Light Heavyweight
Tuco Tokkos,Male,Light Heavyweight
Mitch Raposo,Male,Flyweight
Puja Tomar,Female,Women's Strawweight
Julia Polastri,Female,Women's Strawweight
Carli Judice,Female,Women's Flyweight
ChangHo Lee,Male,Bantamweight
Xiao Long,Male,Bantamweight
Magomed Gadzhiyasulov,Male,Light Heavyweight
Felipe Lima,Male,Featherweight
Antonio Trocoli,Male,Middleweight
Rei Tsuruya,Male,Flyweight
Fatima Kline,Female,Women's Flyweight
Alice Ardelean,Female,Women's Strawweight
Jordan Vucenic,Male,Lightweight
Stephanie Luciano,Female,Women's Strawweight
Quang Le,Male,Bantamweight
Nikolay Veretennikov,Male,Welterweight
Stewart Nicoll,Male,Flyweight
Wang Cong,Female,Women's Flyweight
Jose Daniel Medina,Male,Middleweight
Mairon Santos,Male,Featherweight
Kaan Ofli,Male,Featherweight
Ryan Loder,Male,Middleweight
Robert Valentin,Male,Middleweight
Nathan Fletcher,Male,Featherweight
Zygimantas Ramaska,Male,Featherweight
Ivan Erslan,Male,Light Heavyweight
