fighter_name,current_elo
Gerard Gordeau,511.92
Teila Tuli,485.0
Kevin Rosier,481.55
Zane Frazier,470.0
Royce Gracie,643.12
Art Jimmerson,481.55
Ken Shamrock,532.48
Patrick Smith,541.05
Jason DeLucia,503.47
Trent Jenkins,463.89
Scott Morris,502.7
Sean Daugherty,481.55
Ray Wizard,480.57
Johnny Rhodes,513.36
David Levicki,485.0
Frank Hamaker,518.45
Thaddeus Luster,481.55
Orlando Wiet,500.15
Robert Lucarelli,485.0
Remco Pardoel,515.81
Alberta Cerra Leon,481.55
Scott Baker,482.53
Minoki Ichihara,484.45
Fred Ettish,482.35
Keith Hackney,502.95
Emmanuel Yarborough,485.0
Christophe Leninger,471.9
Harold Howard,484.38
Roland Payne,485.0
Kimo Leopoldo,482.37
Felix Lee Mitchell,455.12
Steve Jennum,513.7
Joe Charles,501.83
Marcus Bossett,479.25
Eldo Xavier Dias,485.0
Guy Mezger,542.59
Jason Fairn,485.0
Ron van Clief,488.03
Joe Son,482.35
Melton Bowen,482.38
Dan Severn,574.95
Anthony Macias,480.28
Dave Beneteau,495.0
Asbel Cancio,485.0
John Dowdy,485.65
Jon Hess,515.0
Andy Anderson,485.0
Todd Medina,503.3
Larry Cureton,464.08
Oleg Taktarov,573.0
Ernie Verdicia,481.55
Joel Sutton,529.35
Jack McGlaughlin,485.0
He-Man Gipson,484.2
David Abbott,461.35
John Matua,485.0
Paul Varelans,499.98
Cal Worsham,485.86
Rudyard Moncayo,482.82
Geza Kalman,501.27
Onassis Parungao,515.0
Francesco Maturi,485.0
Scott Bessac,499.04
David Hood,481.55
Gerry Harris,485.0
Mark Hall,512.23
Ryan Parker,482.49
Marco Ruas,536.67
Sam Adkins,496.01
Keith Mielke,485.0
Don Frye,613.42
Thomas Ramirez,485.0
Joe Moreira,500.73
Jerry Bohlander,551.32
Scott Ferrozzo,516.03
Gary Goodridge,497.78
Paul Herrera,485.0
Steve Nelmark,517.55
Tai Bowden,500.65
Rafael Carino,515.0
Matt Andersen,485.0
Mark Schultz,515.65
Koji Kitao,485.61
Amaury Bitetti,502.49
Dieusel Berto,484.38
Brian Johnston,471.01
Scott Fiedler,485.0
Mark Coleman,526.55
Moti Horenstein,470.65
John Campetella,484.98
Sam Fulton,463.15
Roberto Traven,495.75
Dave Berry,485.0
Julian Sanchez,484.22
Reza Nasri,485.1
Fabio Gurgel,485.14
Jack Nilson,500.03
Nick Sanzo,497.65
Jackie Lee,485.0
Justin Martin,518.45
Eric Martin,481.55
Rainy Martinez,482.51
Yoshiki Takahashi,515.0
Wallid Ismail,485.0
Jim Mullen,485.76
Vitor Belfort,560.54
Tra Telligman,463.46
Tito Ortiz,542.15
Wes Albritton,485.0
Saeed Hosseini,484.32
Enson Inoue,518.45
Royce Alger,467.35
Steven Graham,503.45
Dmitri Stepanov,481.55
Randy Couture,603.54
Tony Halme,481.55
Tony Fryklund,495.68
Donnie Chappell,481.55
Alex Hunter,531.67
Yuri Vaulin,484.36
Kevin Jackson,497.04
Todd Butler,485.0
Mark Kerr,563.35
Dan Bobish,499.22
Maurice Smith,521.39
Harry Moskowitz,471.36
Dwayne Cason,498.22
Houston Dorr,485.0
Greg Stott,486.42
Carlos Barreto,484.1
Brad Kohler,496.58
Yoji Anjo,454.01
Kazushi Sakuraba,505.04
Marcus Silveira,494.96
Frank Shamrock,580.05
Laverne Clark,533.39
Josh Stuart,485.0
Chris Brennan,484.21
Courtney Turner,481.55
Mikey Burnett,515.12
Eugenio Tadeu,485.0
Pat Miletich,576.25
Townsend Saunders,470.68
Tsuyoshi Kohsaka,499.99
Igor Zinoviev,485.87
Chuck Liddell,584.89
Noe Hernandez,485.0
Andre Roberts,513.7
Dan Henderson,517.71
Allan Goes,485.0
Carlos Newton,500.5
Bob Gilstrap,481.55
Mike van Arsdale,500.15
Joe Pardo,481.55
Hugo Duarte,485.63
Pete Williams,474.66
Jeremy Horn,488.84
Cesar Marscucci,515.0
Paulo Santos,485.0
Tulio Palhares,515.0
Adriano Santos,485.0
Ebenezer Fontes Braga,517.58
Pedro Rizzo,554.15
Wanderlei Silva,501.97
John Lober,484.22
Frank Caracci,485.65
Evan Tanner,554.55
Darrel Gholar,481.55
Jorge Patino,487.05
Bas Rutten,531.27
Sione Latu,515.0
Joey Roberts,485.0
Jason Godsey,464.38
Valeri Ignatov,471.41
Kevin Randleman,521.4
Ron Waterman,513.74
Chris Condo,485.0
Fabiano Iha,493.87
Marcelo Mello,515.0
David Roberts,485.0
Tony Petarra,484.44
Travis Fulton,498.44
David Dodd,469.93
Eugene Jackson,477.02
Tim Lajcik,471.77
Paul Jones,502.39
Flavio Luiz Moura,481.55
Daiju Takase,456.17
Andre Pederneiras,487.6
Jens Pulver,546.52
Alfonso Alcarez,500.0
John Lewis,500.62
Lowell Anderson,485.0
Matt Hughes,609.67
Steve Judson,469.85
Katsuhisa Fujii,496.81
Masutatsu Yano,485.0
Kenichi Yamamoto,517.22
Keiichiro Yamamiya,485.61
Joe Slick,500.15
Shonie Carter,498.66
Brad Gumm,485.65
Scott Adams,518.45
Ian Freeman,511.85
David Velasquez,485.0
Bob Cook,518.15
Tiki Ghosn,435.26
Dave Menne,470.04
Lance Gibson,500.76
Jermaine Andre,485.0
Tedd Williams,498.59
Koji Oishi,473.77
Ikuhisa Minowa,515.68
Satoshi Honma,484.94
Sanae Kikuta,519.96
Murilo Bustamante,539.36
Adrian Serrano,485.65
Nate Schroeder,484.2
Joao Roque,485.65
Marcelo Aguiar,485.62
Alex Andrade,484.44
John Alessio,433.73
Tyrone Roberts,514.32
CJ Fernandes,499.35
Jeff Monson,522.43
Yuki Kondo,482.65
Alexandre Dantas,470.78
Bobby Hoffman,458.76
Ben Earwood,515.0
Chris Lytle,545.28
Mark Hughes,515.0
Alex Stiebling,485.0
Andrei Arlovski,505.41
Aaron Brink,481.55
Josh Barnett,567.99
Gan McGee,503.02
Renato Sobral,545.99
Dennis Hallman,505.5
Matt Lindland,574.69
Sean Sherk,563.82
Phil Baroni,446.77
Curtis Stout,467.63
Mark Robinson,514.4
Elvis Sinosic,440.84
Phil Johns,482.01
Caol Uno,479.96
Tony DeSouza,502.11
Steve Berger,486.27
BJ Penn,495.92
Joey Gilbert,485.0
Ricardo Almeida,527.49
Semmy Schilt,496.77
Matt Serra,513.03
Paul Rodriguez,482.35
Ricco Rodriguez,540.73
Vladimir Matyushenko,526.09
Din Thomas,515.46
Jutaro Nakao,501.44
Gil Castillo,488.42
Yves Edwards,462.83
Frank Mir,549.79
Homer Moore,483.52
Keith Rockel,499.88
Andrei Semenov,499.53
Amar Suloev,472.88
Kelly Dullanty,481.65
Hayato Sakurai,486.06
Robbie Lawler,569.55
Aaron Riley,464.2
Benji Radach,486.41
Ivan Salaverry,487.03
Paul Creighton,486.27
Joao Pierini,483.69
Rodrigo Ruas,484.99
Pete Spratt,481.58
Zach Light,481.55
Nick Serra,484.32
Chris Haseman,487.64
Phillip Miller,533.13
James Zikic,485.0
Genki Sudo,520.69
Leigh Remedios,481.85
Mark Weir,481.66
Tim Sylvia,562.84
Wesley Correira,499.9
Travis Wiuff,467.93
Rich Clementi,502.96
David Loiseau,487.4
Hermes Franca,520.48
Richard Crunkilton,485.0
Duane Ludwig,479.19
Rich Franklin,583.53
Sean Alvarez,484.35
Dave Strasser,495.75
Romie Aram,485.0
Falaniko Vitale,504.26
Eddie Ruiz,485.2
Wes Sims,460.52
Vernon White,489.44
Marvin Eastman,460.93
Nick Diaz,531.97
Jeremy Jackson,464.96
Josh Thomson,497.05
Gerald Strebendt,485.0
Karo Parisyan,535.68
Edwin DeWees,455.13
Jorge Rivera,516.15
Nick Agallar,485.83
Chris Liguori,480.51
Frank Trigg,461.01
Jeff Curran,456.47
Georges St-Pierre,739.76
Lee Murray,519.28
Renato Verissimo,488.09
Mike Brown,475.53
Jonathan Wiezorek,515.0
Wade Shipp,485.0
Mike Kyle,513.37
Trevor Prangley,499.06
Jay Hieron,446.86
Ivan Menjivar,485.71
Ronald Jhun,481.26
Justin Eilers,473.48
David Terrell,524.19
Joe Riggs,473.71
Joe Doerksen,444.53
Travis Lutter,474.25
Patrick Cote,513.17
Drew Fickett,522.9
Gideon Ray,453.57
James Irvin,468.91
Paul Buentello,503.98
Pete Sell,463.46
Alex Karalexis,480.93
Josh Rafferty,485.0
Mike Swick,551.52
Alex Schoenauer,485.0
Nate Quarry,550.5
Lodune Sincaid,485.0
Josh Koscheck,533.93
Chris Sanford,485.0
Chris Leben,496.11
Jason Thacker,485.0
Sam Hoger,486.77
Bobby Southworth,485.0
Diego Sanchez,551.69
Kenny Florian,599.03
Forrest Griffin,579.95
Stephan Bonnar,532.64
John Marsh,485.8
Jason Miller,461.86
Charles McCarthy,489.99
Kevin Jordan,468.14
Bill Mahood,482.35
Josh Neer,468.97
Nate Marquardt,508.42
Terry Martin,473.2
Brian Gassaway,485.65
Jonathan Goulet,492.33
Jon Fitch,630.84
Brock Larson,503.27
Spencer Fisher,503.29
Thiago Alves,519.8
Brandon Vera,496.54
Fabiano Scherner,471.26
Alessio Sakara,457.73
Ron Faircloth,515.0
Marcio Cruz,505.82
Keigo Kunihara,481.85
Chael Sonnen,539.06
Branden Lee Hinkle,481.58
Sean Gannon,485.0
Keith Jardine,489.83
Kerry Schall,485.0
Melvin Guillard,534.75
Marcus Davis,535.58
Joshua Burkman,425.66
Sammy Morgan,470.65
Kit Cope,481.92
Joe Stevenson,500.88
Luke Cummo,483.73
Rashad Evans,557.91
Brad Imes,453.71
Nick Thompson,501.45
Keith Wisniewski,442.99
Ansar Chalangov,467.37
Jeff Newton,481.78
Gabriel Gonzaga,519.61
Jason Von Flue,482.74
Assuerio Silva,456.71
Mike Whitehead,485.65
Gilbert Aldana,471.46
Tom Murphy,515.0
Icho Larenas,485.0
Jason Lambert,495.83
Rob MacDonald,482.48
Sam Stout,473.48
Mark Hominick,484.17
Steve Vigneault,483.07
Dan Christison,504.08
Luigi Fioravanti,489.55
Derrick Noble,484.9
Scott Smith,462.5
Justin Levens,471.04
Rick Davis,484.77
Matt Wiman,522.29
Dean Lister,535.94
Mike Nickels,499.31
Wes Combs,463.32
Matt Hamill,560.71
Jesse Forbes,450.91
Solomon Hutcherson,484.46
Kalib Starnes,491.03
Danny Abbadi,466.74
Rory Singer,502.3
Ross Pointon,462.5
Wilson Gouveia,533.74
Kendall Grove,511.11
Ed Herman,527.37
Michael Bisping,613.35
Josh Haynes,457.08
Jorge Santiago,449.24
Kristian Rothaermel,480.57
Jorge Gurgel,479.35
Anderson Silva,574.91
Kurt Pellegrino,537.73
Cheick Kongo,552.84
Anthony Perosh,484.61
Joe Jordan,482.17
Anthony Torres,503.45
Pat Healy,452.66
Forrest Petz,452.24
Jake O'Brien,510.38
Kristof Midoux,485.0
Martin Kampmann,570.23
Crafton Wallace,465.94
Yuki Sasaki,485.79
Yushin Okami,570.35
Alan Belcher,551.45
David Heath,484.37
Cory Walmsley,481.55
Eric Schafer,466.0
Jamie Varner,460.35
Christian Wellisch,488.69
Tyson Griffin,520.84
David Lee,463.35
Eddie Sanchez,496.85
Mario Neto,485.0
Roger Huerta,553.11
Jason Dent,475.01
Joe Lauzon,531.97
Gabe Ruediger,455.33
Dustin Hazelett,506.23
Seth Petruzelli,438.41
Jason MacDonald,481.28
Chris Price,466.23
Junior Assuncao,483.45
Clay Guida,501.22
Justin James,481.85
Dan Lauzon,457.12
Carmelo Marrero,467.62
Kuniyoshi Hironaka,474.11
Thales Leites,565.39
Josh Shockman,485.65
Hector Ramirez,471.25
Antoni Hardonk,499.75
Sherman Pendergarst,485.0
Gleison Tibau,533.03
Dokonjonosuke Mishima,466.61
Drew McFedries,473.92
Logan Clark,515.0
Steve Byrnes,485.0
Keita Nakamura,475.27
Victor Valimaki,469.97
Jeff Joslin,487.5
Chad Reiner,471.88
Heath Herring,487.03
Sean Salmon,468.94
Diego Saraiva,455.54
Lyoto Machida,592.91
Frankie Edgar,576.73
Quinton Jackson,550.01
John Halverson,471.22
Mirko Filipovic,498.09
Jason Gilliam,460.91
Rex Holman,486.26
Thiago Tavares,552.31
Naoyuki Kotani,429.47
Roan Carneiro,493.78
Nate Mohr,462.68
Justin McCully,497.95
Leonard Garcia,430.4
Paul Taylor,486.01
Edilberto de Oliveira,470.68
Jess Liaudin,487.69
Dennis Siver,540.65
Terry Etim,516.32
Matt Grice,453.89
Fabricio Werdum,597.9
Jeremy Stephens,494.98
Thiago Silva,558.35
Houston Alexander,466.48
Luke Caudillo,469.22
Anthony Johnson,593.68
Jeff Cox,464.18
Tamdan McCrory,490.13
Jason Black,467.58
Jordan Radev,471.3
Stevie Lynch,481.45
Colin Robinson,469.93
Jason Tan,472.23
Brian Geraghty,484.38
Allen Berube,480.82
Gray Maynard,533.31
Rob Emerson,504.38
Cole Miller,492.78
Andy Wang,485.0
Brandon Melendez,482.82
Doug Evans,471.8
Floyd Sword,481.6
Nate Diaz,590.62
Manvel Gamburyan,500.01
Mark Bocek,551.32
Antonio Rodrigo Nogueira,497.95
Alvin Robinson,468.17
Marcus Aurelio,476.03
Ryan Jensen,444.51
Alberto Crane,473.23
Tomasz Drwal,499.15
Joe Veres,470.03
Michihiro Omigawa,433.96
Scott Junk,481.58
Kazuhiro Nakamura,471.24
Mauricio Rua,505.23
Demian Maia,628.18
Akihiro Gono,492.43
Jason Reinhardt,451.7
Ryo Chonan,474.51
Paul Georgieff,480.66
Roman Mitichyan,503.45
Dorian Price,481.55
Matt Arroyo,487.54
John Kolosci,481.55
Troy Mandaloniz,499.33
Richie Hightower,485.0
Ben Saunders,484.95
Dan Barrera,485.0
George Sotiropoulos,539.13
Billy Miles,481.55
War Machine,495.75
Jared Rollins,485.0
Mac Danzig,461.93
Tommy Speer,467.08
Luiz Cane,486.19
Rameau Thierry Sokoudjou,484.34
Soa Palelei,511.12
Per Eklund,487.1
James Lee,483.66
Paul Kelly,509.18
Justin Buchholz,455.6
Corey Hill,478.95
Tim Boetsch,502.56
Kyle Bradley,471.54
Rob Yundt,463.53
Brock Lesnar,514.17
David Bielkheden,484.55
Chris Wilson,471.47
Samy Schiavo,466.67
Ryan Roberts,481.52
Cain Velasquez,614.84
Brad Morris,470.65
Jason Day,488.62
Shane Carwin,531.08
Dong Hyun Kim,615.89
Yoshiyuki Yoshida,493.07
Rousimar Palhares,570.53
Antonio Mendes,472.82
Goran Reljic,474.97
Kevin Burns,485.03
Rob Kimmons,480.53
Matt Brown,543.22
Matthew Riddle,576.29
Dante Rivera,485.0
Amir Sadollah,509.03
CB Dollaway,526.55
Shannon Gugerty,484.22
Dale Hartt,477.89
Brad Blackburn,510.92
James Giboo,485.0
Nate Loughran,503.3
Johnny Rees,463.56
Rory Markham,487.15
Brodie Farber,470.19
Tim Credeur,515.94
Cale Yarbrough,485.0
Jesse Taylor,498.26
Reese Andy,473.18
Ryan Thomas,465.43
Steve Bruno,488.07
Jon Jones,770.71
Andre Gusmao,472.17
Dan Evensen,471.57
Michael Patt,471.87
Dan Miller,491.89
Mike Massenzio,455.83
Jason Brilz,486.55
Joe Vedepo,466.13
Jim Miller,576.34
David Baron,482.15
Neil Wain,485.68
Dan Hardy,536.69
Matt Horwich,471.13
Junior Dos Santos,571.99
Rafael Dos Anjos,596.44
Josh Hendricks,487.0
Brandon Wolff,469.02
Steve Cantwell,444.0
Razak Al-Hassan,466.7
Rolando Delgado,487.24
John Polakowski,481.85
Shane Nelson,496.59
George Roop,466.54
Tom Lawlor,514.7
Kyle Kingsbury,478.52
Eliot Marshall,499.77
Jules Bruchez,481.55
Krzysztof Soszynski,537.81
Shane Primm,481.85
Junie Browning,500.39
David Kaplan,466.99
Ryan Bader,630.77
Vinny Magalhaes,466.05
Efrain Escudero,472.95
Phillipe Nover,437.01
Pat Barry,467.62
Mike Wessel,485.67
Mostapha Al-Turk,458.49
Ivan Serati,484.38
Alexandre Barros,487.14
John Hathaway,567.27
Tom Egan,485.0
Denis Kang,486.4
Dan Cramer,500.73
John Howard,494.51
Nick Catone,498.3
Derek Downey,481.85
Matt Veach,481.7
Jake Rosholt,486.74
Denis Stojnic,468.14
Mike Ciesnolevicz,502.71
Neil Grove,481.55
Evan Dunham,524.95
Stefan Struve,518.12
Brian Cobb,485.18
Paulo Thiago,471.61
Ryan Madigan,484.87
Mark Munoz,537.19
Aaron Simpson,536.49
Tim McKenzie,485.0
Nissen Osterneck,484.24
Jesse Sanders,481.58
Carlos Condit,507.26
TJ Grant,583.22
Xavier Foupa-Pokam,468.87
Brian Stann,510.62
Tim Hague,461.88
Mike Pyle,506.38
Rick Story,574.16
Peter Sobotta,488.09
Cameron Dollar,479.96
Nick Osipczak,487.29
Frank Lester,481.55
Edgar Garcia,436.66
Ross Pearson,466.6
Andre Winner,469.03
James Wilks,503.12
DaMarques Johnson,471.61
Yoshihiro Akiyama,466.36
Jesse Lennox,480.96
Danillo Villefort,485.0
Johny Hendricks,556.08
Todd Duffee,500.84
Mike Russow,525.62
Chris Tuchscherer,472.2
Steve Steinbeiss,464.85
Mike Pierce,554.34
Jay Silva,471.4
Jake Ellenberger,485.09
Igor Pokrajac,432.35
Brian Foster,512.35
Nik Lentz,540.97
Rafaello Oliveira,449.75
Steve Lopez,471.43
Paul Daley,522.65
Chase Gormley,466.9
Ben Rothwell,530.82
Alexander Gustafsson,530.65
Jared Hamman,453.89
Fabricio Camoes,457.83
Rogerio Nogueira,503.54
Jacob Volkmann,523.91
Joe Brammer,467.39
Rodney Wallace,457.67
Jon Madsen,537.94
Justin Wren,485.0
James McSweeney,484.38
Darrill Schoonover,485.0
Matt Mitrione,539.26
Marcus Jones,485.0
Kevin Ferguson,499.21
Roy Nelson,497.36
Brendan Schaub,520.73
Lucio Linhares,471.61
Ricardo Funch,440.4
John Gunderson,486.06
Gilbert Yvel,459.9
Gerald Harris,526.24
John Salter,483.1
Rory MacDonald,576.36
Mike Guymon,462.27
Joey Beltran,471.01
Rolles Gracie,485.0
Phil Davis,573.97
Ronys Torres,469.46
James Te Huna,485.75
Julio Paulino,470.96
Daniel Roberts,492.3
Darren Elkins,576.8
Greg Soto,485.07
Charlie Brenneman,449.11
Jason High,491.75
Mario Miranda,475.46
Takanori Gomi,441.8
Renzo Gracie,489.95
Cyrille Diabate,488.79
Waylon Lowe,500.1
Claude Patrick,531.93
Travis Browne,525.36
Chris Camozzi,477.04
James Hammortree,485.0
Kyle Noke,487.19
Josh Bryant,485.0
Brad Tavares,561.72
Seth Baczynski,489.46
Mark Holst,466.7
Rich Attonito,512.35
Jamie Yager,485.0
Court McGee,493.04
Kris McCray,452.69
Karlos Vemola,467.56
David Branch,491.82
Ricardo Romero,486.21
Charles Oliveira,686.97
Christian Morecraft,476.68
Todd Brown,469.66
Amilcar Alves,469.0
James Toney,487.07
TJ Waldburger,510.69
David Mitchell,462.69
Rafael Natal,522.71
Sean McCorkle,485.09
Mark Hunt,518.47
Pat Audinwood,468.12
Fabio Maldonado,491.9
Curt Warburton,486.11
Paul Sass,520.78
Rob Broughton,488.37
Vinicius Queiroz,482.15
Dongi Yang,489.76
Jake Shields,516.88
Carlos Eduardo Rocha,488.97
Pascal Krauss,500.81
Mark Scanlon,485.0
Alexandre Ferreira,486.39
TJ O'Brien,470.82
Edson Barboza,563.64
Mike Lullo,470.65
Maiquel Falcao,516.85
Pablo Garza,494.79
Fredson Paixao,485.0
Nick Pace,487.03
Will Campuzano,441.89
Kyle Watson,499.97
Sako Chivitchian,485.0
Ian Loveland,483.62
Tyler Toner,485.0
Cody McKenzie,485.52
Aaron Wilkinson,481.55
Nam Phan,450.79
Jonathan Brookins,482.4
Michael Johnson,496.01
John Makdessi,520.15
Sean Pierson,534.85
Jesse Bongfeldt,481.81
Antonio McKee,485.14
Diego Nunes,504.27
Dustin Poirier,660.95
Josh Grispi,438.88
Chris Cariaso,501.75
Willamy Freire,485.03
Rani Yahya,570.43
Kenny Robertson,499.43
Demetrious Johnson,668.13
Norifumi Yamamoto,469.27
Chad Mendes,561.63
Donald Cerrone,545.85
Miguel Torres,501.32
Antonio Banuelos,485.0
Maciej Jewtuszko,484.42
Zhang Tiequan,472.69
Tom Blackledge,479.26
Nick Ring,501.8
Riki Fukuda,486.99
Brian Ebersole,527.22
Takeya Mizugaki,517.97
Reuben Duran,472.74
Shane Roller,468.13
Danny Castillo,498.62
Brian Bowles,496.68
Damacio Page,445.4
Chris Weidman,580.36
Erik Koch,503.6
Raphael Assuncao,544.99
Constantinos Philippou,527.63
Joseph Benavidez,592.78
Anthony Njokuani,475.19
Kamal Shalorus,455.91
Urijah Faber,568.73
Eddie Wineland,462.47
Michael McDonald,541.15
Edwin Figueroa,471.23
Mackens Semerzier,485.63
Alex Caceres,540.38
Chan Sung Jung,554.42
Yves Jabouin,489.65
Charlie Valencia,484.36
Benson Henderson,616.62
Jose Aldo,593.36
Renan Barao,497.03
Cole Escovedo,455.38
Francisco Rivera,479.05
Scott Jorgensen,438.0
Ken Stone,503.44
Clay Harvison,480.72
Justin Edwards,458.91
Shamar Bailey,485.78
Ryan McGillivray,485.0
Danny Downes,470.74
Chris Cope,483.81
Chuck O'Neil,485.0
Anthony Pettis,573.39
Tony Ferguson,549.88
Ramsey Nijem,495.17
Aaron Rosa,486.02
Jason Young,471.4
James Head,484.9
Vagner Rocha,472.92
Dave Herman,458.76
Jon Olav Einemo,472.63
Edward Faaloloto,468.46
Ricardo Lamas,576.42
Javier Vazquez,515.72
Jeff Hougland,484.93
Donny Walker,466.55
Dominick Cruz,568.87
Paul Bradley,471.63
Jimy Hettes,504.22
Ronny Markes,513.28
Iuri Alcantara,520.62
Felipe Arantes,491.65
Erick Silva,507.07
Luis Ramos,471.42
Johnny Eduardo,465.23
Stanislav Nedkov,495.58
Jorge Lopez,471.3
Robert Peralta,521.3
Mike Stumpf,467.48
Lance Benoist,500.76
Eddie Yagin,500.55
Walel Watson,465.17
Joseph Sandoval,470.65
Mike Easton,483.57
Byron Bloodworth,472.07
Stipe Miocic,648.34
Clifford Starks,482.49
Dustin Jacoby,514.05
Francis Carmont,541.9
Bart Palaszewski,470.43
Hatsu Hioki,473.03
Vaughan Lee,469.12
Che Mills,503.23
Philip De Fries,488.35
John Maguire,489.63
Papy Abedi,468.94
Brad Pickett,445.82
Matt Lucas,484.35
Darren Uyenoyama,501.39
Cub Swanson,542.58
Alex Soto,471.08
Cung Le,505.54
Bryan Caraway,538.36
Dustin Neace,481.85
Steven Siler,511.36
Josh Clopton,471.93
Roland Delorme,482.19
Josh Ferguson,469.17
John Albert,444.08
Dustin Pague,447.33
Marcus Brimage,493.69
Stephen Bass,485.0
Johnny Bedford,492.25
Louis Gaudinot,490.12
John Dodson,536.31
TJ Dillashaw,617.88
Diego Brandao,530.37
Dennis Bermudez,530.15
John Cholish,485.42
Mitch Clarke,461.27
Jake Hecht,482.66
Alistair Overeem,575.46
Antonio Carvalho,503.23
Ednaldo Oliveira,468.63
Carlo Prater,484.94
Nick Denis,496.09
Daniel Pineda,500.67
Pat Schilling,466.66
Tommy Hayden,463.18
Khabib Nurmagomedov,693.27
Jared Papazian,452.97
Lavar Johnson,497.39
Eric Wisely,467.22
Stephen Thompson,554.79
Dan Stittgen,470.65
Michael Kuiper,463.49
Henry Martinez,486.5
Max Holloway,689.92
Tim Means,494.97
Bernardo Magalhaes,470.04
Justin Salas,481.31
Anton Kuivanen,482.81
Issei Tamura,485.33
Eiji Mitsuoka,470.72
Shawn Jordan,531.48
Oli Thompson,467.64
Andrew Craig,483.66
Nick Penner,470.54
Ian McCall,491.02
Yasuhiro Urushitani,471.04
Simeon Thoresen,487.59
Besam Yousef,466.2
Reza Madadi,492.12
Yoislandy Izquierdo,465.85
Magnus Cedenblad,530.18
Tom DeBlass,469.65
Siyar Bahadurzada,506.09
Maximo Blanco,482.57
Chris Clements,487.19
Chad Griggs,466.81
John Lineker,600.14
Tim Elliott,501.49
Marcus LeVesseur,481.63
Glover Teixeira,625.13
Shane del Rosario,471.07
Antonio Silva,464.11
Erik Perez,567.43
Joe Proctor,495.87
Jeremy Larsen,456.37
Sam Sicilia,467.08
Cristiano Marcello,471.96
Myles Jury,548.81
Chris Saunders,481.55
Daron Cruickshank,492.85
Chris Tickle,485.0
Justin Lawrence,480.99
John Cofer,467.92
Michael Chiesa,580.54
Al Iaquinta,544.62
Buddy Roberts,502.85
Caio Magalhaes,513.28
Joey Gambino,469.13
Brock Jardine,467.95
CJ Keith,467.73
Milton Vieira,484.38
Marcos Vinicius,485.0
Wagner Campos,485.0
Thiago Perpetuo,479.83
Leonardo Mafra,471.56
Hugo Viana,496.35
John Teixeira,485.0
Francisco Trinaldo,609.61
Delson Heleno,485.0
Rodrigo Damm,486.31
Anistavio Medeiros,481.55
Hacran Dias,479.34
Rony Jason,486.77
Godofredo Pepey,499.79
Cezar Ferreira,537.96
Sergio Moraes,544.04
Marcelo Guimaraes,498.37
Mitch Gagnon,502.6
Ryan Jimmo,487.62
Hector Lombard,439.57
John Moraga,537.0
Ulysses Gomez,469.9
Wagner Prado,482.84
Chico Camus,471.76
Roger Hollett,472.11
Gunnar Nelson,591.92
Tom Watson,462.02
Akira Corassani,500.13
Andy Ogle,441.33
Jimi Manuwa,503.52
Phil Harris,454.79
Jussier Formiga,545.15
Renee Forte,470.41
Motonobu Tezuka,469.28
Jon Tuck,490.77
Azamat Gashimov,468.19
Abel Trujillo,537.02
Cody Donovan,468.71
Mike Wilkinson,499.09
Brendan Loughnane,485.0
Ben Alloway,480.93
Manuel Rodriguez,485.0
Yaotzin Meza,487.15
Norman Parke,525.25
Colin Fletcher,470.0
Robert Whittaker,659.18
Brad Scott,477.82
Mike Rio,468.03
Rustam Khabilov,593.62
Vinc Pichel,538.64
Colton Smith,465.18
Mike Ricci,487.09
Derek Brunson,596.12
Ildemar Alcantara,510.27
Pedro Nobre,515.5
Lucas Martins,520.54
Daniel Sarafian,475.14
Sean Spencer,468.35
Dustin Kimura,485.94
Isaac Vallie-Flagg,474.81
King Green,537.67
Tyron Woodley,567.78
Nah-Shon Burrell,499.33
Yuri Villefort,469.88
Neil Magny,605.46
Jon Manley,485.0
Caros Fodor,485.33
Ronda Rousey,561.0
Liz Carmouche,504.12
Hyun Gyu Lim,484.37
Kyung Ho Kang,551.05
Kazuki Tokudome,467.69
Mizuto Hirota,446.04
Quinn Mulhern,472.48
Jordan Mein,522.59
Bobby Voelker,442.22
Ryan LaFlare,556.3
Conor McGregor,593.34
Adlan Amagov,531.09
Chris Spang,485.0
Tor Troeng,473.83
Adam Cella,481.55
Ryan Couture,471.51
Gegard Mousasi,602.91
Ilir Latifi,538.38
Clint Hester,505.25
Bristol Marunde,470.65
Dylan Andrews,478.16
Jimmy Quinlan,485.0
Luke Barnatt,499.68
Collin Hart,485.0
Josh Samman,512.53
Kevin Casey,477.74
Robert McDaniel,485.71
Gilbert Smith,482.15
Cat Zingano,489.0
Miesha Tate,521.47
Kelvin Gastelum,565.25
Uriah Hall,538.41
Yoel Romero,576.37
Roger Bowling,457.18
Jorge Masvidal,551.56
Lorenz Larkin,523.14
Daniel Cormier,629.18
Gilbert Melendez,444.55
Kurt Holobaugh,465.4
Sara McMann,516.57
Sheila Gaff,470.65
Ovince Saint Preux,515.77
Gian Villante,447.61
Yancy Medeiros,505.25
Iliarde Santos,455.92
Michel Prazeres,574.93
Joao Zeferino,471.45
Jacare Souza,537.81
Luke Rockhold,541.29
Estevan Payan,457.53
KJ Noons,471.95
Antonio Braga Neto,490.01
Anthony Smith,563.53
Leandro Silva,479.44
Eddie Mendez,480.81
Rafael Cavalcante,463.09
Leonardo Santos,547.33
William Macario,468.41
James Krause,578.98
Alexis Davis,517.73
Rosi Sexton,469.97
Brian Melancon,498.07
Tim Kennedy,521.93
Roger Gracie,485.0
Germaine de Randamie,562.2
Julie Kedzie,470.65
Trevor Smith,480.31
Jessica Andrade,573.0
Viscardi Andrade,528.3
Francimar Barroso,480.13
Amanda Nunes,671.26
Jose Maria,471.09
Thiago Santos,545.54
James Vick,552.49
Zak Cummings,585.81
Brandon Thatch,463.3
Nikita Krylov,570.65
Ivan Jorge,494.32
Elias Silverio,513.99
Ramiro Hernandez,468.06
Edimilson Souza,526.35
Ali Bagautinov,520.58
Piotr Hallmann,479.71
Daniel Omielanczuk,484.63
Nandor Guelmino,485.0
Jesse Ronson,443.31
Wilson Reis,519.69
Alan Patrick,493.94
Garett Whiteley,455.65
Yan Cabral,486.69
Igor Araujo,500.16
Kyoji Horiguchi,579.12
Andre Fili,517.49
Sarah Kaufman,469.66
Jessica Eye,459.3
Darrell Montague,457.88
Robert Whiteford,484.73
Nicholas Musoke,500.12
Brian Houston,467.66
Dustin Ortiz,534.26
Adriano Martins,520.87
Omari Akhmedov,560.41
Santiago Ponzinibbio,552.16
Sergio Pettis,552.43
Anthony Lapsley,469.54
Josh Sampo,469.82
Ryan Benoit,453.13
Drew Dober,542.53
Jared Rosholt,553.11
Walt Harris,490.72
Tom Niinimaki,461.37
Raquel Pennington,602.04
Roxanne Modafferi,456.28
Jessamyn Duke,468.71
Peggy Morgan,485.0
Chris Holdsworth,532.21
Davey Grant,506.63
Julianna Pena,580.59
Jessica Rakoczy,471.29
Alex Garcia,506.46
Ben Wall,470.5
Krzysztof Jotko,559.7
Bruno Santos,487.01
Justin Scoggins,471.71
Richie Vaculik,469.42
Bethe Correia,479.59
Alptekin Ozkilic,471.68
Zach Makovsky,487.92
Russell Doane,469.53
Leandro Issa,489.73
Jon Delos Reyes,469.99
Mairbek Taisumov,566.87
Tae Hyun Bang,483.52
Royston Wee,513.73
Dave Galera,485.0
Katsunori Kikuno,490.67
Will Chope,484.89
Shunichi Shimizu,482.11
Kiichi Kunimoto,512.85
Luiz Dutra,470.65
Tatsuya Kawajiri,507.3
Sean Soriano,422.73
Tarec Saffiedine,488.06
Beneil Dariush,638.29
Louis Smolka,476.0
George Sullivan,477.38
Mike Rhodes,454.61
Gasan Umalatov,471.35
Rashid Magomedov,561.9
Anthony Rocco Martin,563.76
Andy Enz,457.38
Kevin Lee,545.14
Danny Martinez,472.5
Zubaira Tukhugov,524.08
Douglas Silva de Andrade,519.02
Albert Tumenov,521.67
Takenori Sato,471.86
Ernest Chavez,483.63
Yosdenis Cedeno,471.05
Aljamain Sterling,673.79
Cody Gibson,464.56
Pedro Munhoz,516.37
Patrick Cummins,484.84
Mark Eddiva,467.32
Jumabieke Tuerxun,453.93
Anying Wang,499.35
Albert Cheng,485.0
Yui Chul Nam,481.5
Zhang Lipeng,497.61
Sai Wang,500.03
Danny Mitchell,470.68
Claudio Silva,529.78
Mats Nilsson,471.96
Neil Seery,487.24
Sean Strickland,628.23
Francisco Trevino,485.09
Noad Lahat,500.73
Hans Stringer,485.31
Jim Alers,500.63
Alan Omer,467.92
Tim Gorman,471.51
Richard Walsh,470.99
Chris Indich,470.0
Nordine Taleb,517.68
Vik Grujic,469.43
Mike de la Torre,461.89
Sean O'Connell,461.11
Leslie Smith,515.64
Chad Laprise,520.16
Olivier Aubin-Mercier,530.29
Elias Theodorou,568.18
Sheldon Westcott,484.1
Derrick Lewis,590.94
Jack May,470.82
Mirsad Bektic,523.13
Chas Skelly,561.0
Ray Borg,535.59
Hernani Perpetuo,470.1
Luke Zachrich,482.89
Alex White,469.86
Chris Beal,477.55
Patrick Williams,474.66
Ruan Potts,457.39
Li Jingliang,543.72
David Michaud,481.7
Aaron Phillips,440.62
Ruslan Magomedov,545.12
Viktor Pesta,455.21
Pawel Pawlak,483.38
Nick Hein,489.82
Niklas Backstrom,488.27
Matt Hobar,484.96
Marcos Rogerio de Lima,551.22
Richardson Moreira,471.25
Ricardo Abreu,501.7
Wagner Silva,465.73
Alexander Yakovlev,467.88
Warlley Alves,493.17
Marcio Alexandre Junior,455.51
Antonio Carlos Junior,525.34
Vitor Miranda,485.36
Roger Narvaez,487.64
Jake Lindsey,453.28
Jason Saggo,501.02
Josh Shockley,470.57
Michinori Tanaka,486.38
Kajan Johnson,514.25
Valerie Letourneau,497.59
Elizabeth Phillips,473.41
Dan Hooker,597.55
Ian Entwistle,489.42
Rodrigo de Lima,469.71
Roldan Sangcha'an,465.37
Jake Matthews,573.25
Dashon Johnson,463.95
Aleksei Oleinik,528.96
Anthony Hamilton,440.34
Shane Howell,466.7
Diego Ferreira,579.83
Joe Ellenberger,499.35
James Moontasri,474.45
Bubba Bush,498.09
Guilherme Vasconcelos,484.39
Rob Font,550.1
Robert Drysdale,485.0
Keith Berish,499.35
Sarah Moras,458.83
Alexis Dufresne,470.65
Patrick Walsh,500.15
Daniel Spohn,485.0
Juan Manuel Puig,470.94
Guto Inocente,467.86
Eddie Gordon,467.32
Dhiego Lima,472.8
Corey Anderson,569.19
Matt Van Buren,469.36
Claudia Gadelha,535.31
Tina Lahdemaki,485.0
Jerrod Sanders,497.89
Paddy Holohan,512.29
Cathal Pendred,525.95
Mike King,481.85
Chris Dempsey,470.82
Joanna Jedrzejczyk,556.06
Juliana Lima,482.7
Gilbert Burns,602.61
Andreas Stahl,470.7
Tiago dos Santos e Silva,497.15
Akbarh Arreola,475.56
Brian Ortega,589.34
Frankie Saenz,496.62
Nolan Ticman,470.03
Sam Alvey,449.23
Lauren Murphy,541.27
Alan Jouban,538.39
Milana Dudieva,484.47
Yao Zhikui,471.83
Colby Covington,624.62
Yuta Sasaki,491.86
Alberto Mina,528.45
Shinsho Anzai,499.47
Guangyou Ning,498.72
Jianping Yang,485.0
Brendan O'Reilly,470.56
Joby Sanchez,452.26
Chris Heatherly,468.39
Valmir Lazaro,486.64
Clay Collard,473.01
Chris Wade,543.31
Cain Carrizosa,466.04
Damon Jackson,532.47
Shayna Baszler,472.45
Joe Soto,486.7
Tateki Matsuda,470.62
Larissa Pacheco,468.1
Wendell Oliveira Marques,470.05
Johnny Case,523.73
Masanori Kanehara,484.58
Rin Nakai,469.36
Eddie Alvarez,523.89
Marcin Bandel,470.62
Charles Rosa,467.6
Scott Askham,471.4
Jan Blachowicz,594.67
Matt Dwyer,471.27
Chris Kelades,498.52
Paul Felder,555.37
Roman Salazar,449.87
Christos Giagos,473.09
Daniel Kelly,528.34
Thomas Almeida,494.57
Diego Rivas,498.08
Rodolfo Rubio Perez,485.0
Nina Nunes,519.71
Jorge de Oliveira,465.79
Leon Edwards,659.22
Marco Beltran,493.13
Marlon Vera,588.27
Henry Briones,459.66
Guido Cannetti,473.04
Gabriel Benitez,482.19
Humberto Brown Morrison,482.15
Alejandro Perez,541.88
Jose Quinonez,509.62
Yair Rodriguez,575.74
Leonardo Morales,466.55
Hector Urbina,487.54
Augusto Montano,485.02
Dooho Choi,514.47
Paige VanZant,506.91
Kailin Curran,430.03
Josh Copeland,472.51
Ashlee Evans-Smith,451.39
Justin Jones,470.63
Angela Hill,501.2
Emily Kagan,465.91
Aisling Daly,516.28
Alex Chambers,452.21
Tecia Pennington,540.61
Angela Magana,453.37
Joanne Wood,506.7
Seo Hee Ham,470.16
Heather Clark,485.0
Bec Rawlings,460.21
Felice Herrig,490.17
Lisa Ellis,463.57
Jessica Penne,474.63
Randa Markos,464.45
Carla Esparza,559.27
Rose Namajunas,602.78
Anthony Birchak,464.88
Henry Cejudo,601.46
Bryan Barberena,489.75
Willie Gates,466.17
Jake Collier,450.0
Renato Moicano,615.28
Antonio Dos Santos,468.97
Marion Reneau,473.56
Jared Cannonier,557.05
Cody Garbrandt,545.36
Frankie Perez,473.3
Ron Stallings,483.97
Konstantin Erokhin,470.92
Paul Redmond,471.21
Anthony Christodoulou,468.51
Makwan Amirkhani,500.88
Sultan Aliev,504.1
Cody Pfister,465.05
Masio Fullen,480.52
Alex Torres,485.0
Holly Holm,506.02
Joe Duffy,501.4
Fredy Serrano,496.06
Bentley Syler,485.0
Alex Oliveira,489.28
Timothy Johnson,516.07
Shamil Abdurakhimov,491.94
Taylor Lapilus,554.14
Rocky Lee,485.0
Stevie Ray,540.87
Aleksandra Albu,494.8
Izabela Badurek,481.85
Damian Stasiak,476.7
Mickael Lebout,487.72
Bartosz Fabinski,490.63
Garreth McLellan,458.72
Maryna Moroz,496.68
Shane Campbell,456.96
Ben Nguyen,513.65
Jonavin Webb,470.36
Levan Makashvili,499.63
Islam Makhachev,722.19
Leo Kuntz,466.86
Tom Breese,524.61
Ericka Almeida,470.76
Nicolas Dalby,540.84
Elizeu Zaleski dos Santos,576.64
Darren Till,521.16
Magomed Mustafaev,513.05
Arnold Allen,622.1
Lukasz Sajewski,455.46
Steve Kennedy,465.42
Sirwan Kakai,499.46
Tony Sims,484.1
Steve Montgomery,471.41
Lewis Gonzalez,483.93
Joe Merritt,485.15
Steve Bosse,515.08
Dominic Waters,461.94
Michelle Waterson-Gomez,464.83
Michael Graves,532.34
Vicente Luque,620.37
Kamaru Usman,659.49
Hayder Hassan,463.57
Lyman Good,506.19
Chris de la Rocha,470.62
Jimmie Rivera,544.58
Teemu Packalen,475.17
Cortney Casey,469.56
Dominique Steele,459.8
Andrew Holbrook,484.71
Jessica Aguilar,455.26
Reginaldo Vieira,482.77
Dileno Lopes,469.92
Glaico Franca Moreira,489.68
Fernando Bruno,469.54
Scott Holtzman,515.14
Jonathan Wilson,469.42
Oluwale Bamgbose,457.6
Geane Herrera,473.69
Misha Cirkunov,492.76
Daniel Jolly,469.24
Joaquim Silva,512.86
Nazareno Malegarie,485.0
Roger Zapata,484.35
Yusuke Kasuya,471.27
Teruto Ishihara,467.0
Sage Northcutt,549.56
Matheus Nicolau,550.9
Bruno Korea,482.15
Anton Zafir,469.83
Marco Polo Reyes,493.81
Cesar Arzamendia,470.03
Alvaro Herrera Mendoza,462.02
Vernon Ramos Ho,485.0
Enrique Barzola,537.74
Horacio Gutierrez,471.27
Erick Montano,480.79
Enrique Marin,471.18
Dong Hyun Ma,471.4
Danny Roberts,497.9
Nathan Coy,480.84
Chris Gruetzemacher,483.08
Abner Lloveras,485.0
Julian Erosa,540.2
Marcin Wrzosek,485.0
Jason Knight,491.6
Ryan Hall,563.2
Artem Lobov,463.79
Jocelyn Jones-Lybarger,453.38
Francis Ngannou,656.08
Luis Henrique,475.8
Valentina Shevchenko,636.51
Karolina Kowalkiewicz,517.42
Justine Kish,480.33
Alex Morono,561.51
Elvis Mutapcic,470.77
Joey Gomez,471.41
Kyle Bochniak,460.49
Luke Sanders,471.32
Mehdi Baghdad,470.23
Felipe Olivieri,480.66
Randy Brown,617.3
Mickey Gall,501.82
Mike Jackson,495.59
Damian Grabowski,456.66
Alex Nicholson,470.56
Kelly Faszholz,469.38
Leonardo Guimaraes,466.5
Augusto Mendes,489.02
David Teymur,556.77
Martin Svensson,485.0
Thibault Gouti,443.24
Jarjis Danho,500.54
Damien Brown,470.72
Bojan Velickovic,486.54
Alessio Di Chirico,458.19
Cyril Asker,487.79
Filip Pejic,480.76
Damir Hadzovic,489.54
Cristina Stanciu,469.54
Marcin Tybura,563.5
Curtis Blaydes,622.4
Darrell Horcher,471.29
Cody East,468.26
Josh Emmett,588.31
Anna Elmose,470.43
Luan Chagas,489.33
Cristiane Justino,569.9
Adam Milstead,470.09
Alberto Uda,466.72
Jordan Rinaldi,496.11
Henrique da Silva,467.76
Jonathan Meunier,498.77
Ion Cutelaba,478.89
Belal Muhammad,693.9
Josh Stansbury,483.1
Cory Hendricks,485.0
Will Brooks,472.23
Tatiana Suarez,611.54
Amanda Cooper,459.81
Andrew Sanchez,497.37
Khalil Rountree Jr.,550.79
Devin Clark,476.98
Matthew Lopez,478.47
Eric Spicely,458.78
Katlyn Cerminara,567.18
Lando Vannata,469.21
Dmitrii Smoliakov,451.99
JC Cottrell,467.22
Bojan Mihajlovic,457.35
Hector Sandoval,498.24
Justin Ledet,482.33
Chase Sherman,413.9
Jason Novelli,472.5
Danielle Taylor,484.59
Joseph Gigliotti,467.65
Marvin Vettori,573.37
Max Griffin,525.96
Chris Avila,469.36
Sabah Homasi,459.21
Mike Perry,499.06
Jeremy Kennedy,528.12
Alex Ricci,471.66
Felipe Silva,481.95
Jack Hermansson,581.54
Christian Colombo,464.26
Veronica Hardy,512.77
Jessin Ayari,471.13
Jim Wallhead,466.87
Jason Gonzalez,471.03
Michael McBride,473.16
CM Punk,467.49
Albert Morales,457.4
Ricky Glenn,479.2
Gregor Gillespie,591.6
Lina Lansberg,459.73
Ketlen Vieira,553.09
Joachim Christensen,466.38
Brandon Moreno,575.19
Zak Ottow,504.01
Marc Diakiese,501.21
Alexa Grasso,571.55
Martin Bravo,467.85
Claudio Puelles,534.78
Marcin Held,477.59
Abdul Razak Alhassan,478.16
Charlie Ward,470.65
Brett Johns,549.42
Kwan Ho Kwak,469.24
Mark Godbeer,493.48
Jack Marshman,470.02
Alexander Volkov,620.25
Darren Stewart,498.29
Gadzhimurad Antigulov,472.73
Jenel Lausa,464.89
Tyson Pedro,510.23
Alexander Volkanovski,646.52
Jamie Moyle,482.98
Matt Schnell,479.3
JJ Aldrich,528.6
Ryan Janes,498.85
Shane Burgos,572.35
Gerald Meerschaert,562.67
Brian Camozzi,455.44
Ashley Yoder,433.71
Saparbeg Safarov,468.09
Viviane Pereira,499.87
Emil Meek,478.2
Irene Aldana,543.56
Paul Craig,530.36
Niko Price,546.4
Drakkar Klose,598.15
Devin Powell,471.11
Alexandre Pantoja,632.92
Eric Shelton,474.95
Jeremy Kimball,468.9
Jordan Johnson,560.0
Bobby Nash,457.94
Ricardo Ramos,526.53
Marcel Fortuna,483.68
Volkan Oezdemir,548.13
Aiemann Zahabi,544.95
Gina Mazany,442.9
Gavin Tucker,513.79
Andre Soukhamthath,460.7
Daniel Spitz,467.82
Cynthia Calvillo,496.13
Paulo Costa,539.3
Davi Ramos,526.97
Lucie Pudilova,430.88
Bibulatov Magomed,485.89
Desmond Green,525.76
Pearl Gonzalez,468.82
Tom Duquesnoy,513.94
Cindy Dandois,486.07
Rashad Coulter,470.54
Oliver Enkamp,472.4
Deiveson Figueiredo,647.89
Brian Kelleher,476.03
Marlon Moraes,512.21
Chan-Mi Jeon,470.03
Ashkan Mokhtarian,470.3
Luke Jumeau,497.6
Ji Yeon Kim,440.25
Naoki Inoue,498.83
Carls John De Tomas,467.63
Frank Camacho,449.21
Rolando Dy,470.93
Jared Gordon,547.52
Michel Quinones,471.02
Dominick Reyes,550.61
Tom Gallicchio,486.06
Nick Roehrick,485.19
Justin Gaethje,584.74
Trevin Giles,503.33
James Bochnovic,466.59
Cody Stamann,508.94
Terrion Ware,442.39
Amanda Lemos,558.24
Danny Henry,496.49
Daniel Teymur,454.87
Galore Bofando,500.47
Justin Willis,542.24
James Mulheron,485.0
Junior Albini,458.82
Eryk Anders,492.33
Jarred Brooks,500.13
Calvin Kattar,534.62
Tonya Evinger,458.09
Joseph Morales,487.66
Robert Sanchez,484.47
Humberto Bandenay,470.68
Abdul-Kerim Edilov,513.76
Zabit Magomedsharipov,591.3
Mike Santiago,452.78
Aleksandar Rakic,545.06
Mads Burnell,484.64
Talita Bernardo,472.03
Rob Wilkinson,470.98
Arjan Bhullar,527.27
Azunna Anyanwu,486.41
Alex Reyes,458.2
Daichi Abe,485.8
Syuri Kondo,469.96
Gokhan Saki,497.92
Poliana Botelho,477.21
Mara Romero Borella,452.28
Kalindra Faria,448.63
Aspen Ladd,514.95
Salim Touahri,458.95
Ramazan Emeev,526.76
Nasrat Haqparast,573.4
Oskar Piechota,491.63
Jodie Esquibel,441.17
Marcelo Golm,471.56
Karl Roberson,468.2
Adam Wieczorek,515.12
Nadia Kassem,482.39
Tai Tuivasa,500.23
Shane Young,453.48
Jessica-Rose Clark,466.73
Hu Yaozong,449.54
Wulijiburen,455.26
Wu Yanan,445.73
Song Yadong,596.3
Bharat Kandare,481.55
Yan Xiaonan,567.8
Song Kenan,521.57
Sheymon Moraes,486.44
Muslim Salikhov,550.63
Wang Guan,514.72
Gillian Robertson,568.9
Emily Whitmire,459.41
Shana Dobson,470.27
Ariel Beck,485.0
Rachael Ostovich,466.6
Karine Gevorgyan,481.55
Montana De La Rosa,514.9
Christina Marks,481.55
DeAnna Bennett,500.0
Melinda Fabian,485.03
Barb Honchak,468.19
Sean O'Malley,626.13
Nicco Montano,500.33
Allen Crowder,486.84
Merab Dvalishvili,637.34
Alex Perez,533.08
Benito Lopez,494.94
Markus Perez,462.96
Julian Marquez,486.32
Mark De La Rosa,454.87
Michal Oleksiejczuk,495.29
Matt Frevola,508.88
Matt Bessette,471.16
Julio Arce,529.59
Dan Ige,547.18
Brandon Davis,439.04
Cory Sandhagen,598.88
Austin Arnett,471.9
Polyana Viana,474.93
Maia Stevenson,481.55
Priscila Cachoeira,467.3
Israel Adesanya,621.9
Tim Williams,471.99
Geoff Neal,552.02
Steven Peterson,470.82
Curtis Millender,515.98
Manny Bermudez,513.52
Marcin Prachnio,470.44
Alexander Hernandez,512.19
Mackenzie Dern,558.07
Yana Santos,507.55
Dmitry Sosnovskiy,518.79
Magomed Ankalaev,609.26
Hakeem Dawodu,524.52
Charles Byrd,472.23
John Phillips,436.97
Mike Rodriguez,442.22
Lauren Mueller,467.69
Dan Moret,457.49
Ricky Rainey,471.38
Ricky Simon,551.89
Andrea Lee,462.03
Molly McCann,498.91
Carlo Pedersoli Jr.,486.34
Craig White,476.46
Jose Torres,500.67
Nathaniel Wood,571.05
Chance Rencountre,505.6
Sijara Eubanks,497.98
Megan Anderson,505.6
Hector Aldana,457.45
Petr Yan,579.26
Bryce Mitchell,568.85
Tyler Diamond,485.0
John Gunther,497.16
Allan Zuniga,485.0
Luis Pena,528.27
Richie Smullen,481.55
Brad Katona,509.44
Jay Cucciniello,485.0
Michael Trizano,510.93
Joe Giannetti,485.0
Elias Garcia,466.64
Jennifer Maia,515.83
Raoni Barcelos,536.8
Said Nurmagomedov,579.02
Blagoy Ivanov,487.96
Pingyuan Liu,499.76
Darko Stosic,468.51
Nad Narimani,499.67
Khalid Taha,445.89
David Zawada,468.69
Abu Azaitar,481.92
Zhang Weili,615.82
Matt Sayles,467.98
Montel Jackson,589.68
Kevin Holland,547.41
Stefan Sekulic,472.19
Adam Yandiev,484.14
Jin Soo Son,470.53
Khalid Murtazaliev,516.86
Aleksei Kunchenko,509.53
Livinha Souza,494.8
Luigi Vendramini,472.97
Mayra Bueno Silva,540.21
Augusto Sakai,514.1
Ryan Spann,541.88
Marina Rodriguez,529.71
Andre Ewell,484.86
Jalin Turner,542.01
Don Madge,529.35
Te Edwards,471.36
Chris Fishgold,472.71
Jonathan Martinez,586.12
Devonte Smith,494.33
Bobby Moffett,488.77
Maycee Barber,599.01
Hannah Cifers,445.06
Thiago Moises,529.32
Anderson Dos Santos,475.72
Jesus Pinedo,500.44
Laureano Staropoli,470.91
Ian Heinisch,496.26
Johnny Walker,543.85
Sumudaerji,485.63
Martin Day,438.39
Vince Morales,464.56
Sergei Pavlovich,557.71
Chris Gutierrez,579.2
Roosevelt Roberts,469.38
Leah Letson,499.1
Julija Stoliarenko,459.15
Maurice Greene,496.0
Michel Batista,481.55
Kevin Aguilar,473.23
Antonina Shevchenko,499.64
Edmen Shahbazyan,513.13
Macy Chiasson,568.67
Pannie Kianzad,486.39
Juan Espino,520.26
Justin Frazier,481.55
Damir Ismagulov,541.09
Alex Gorgees,485.0
Kai Kara-France,551.43
Jimmy Crute,503.27
Sodiq Yusuff,545.73
Suman Mokhtarian,469.26
Kyle Nelson,496.91
Juan Adams,469.26
Jordan Griffin,463.71
Dwight Grant,474.53
Bevon Lewis,471.73
Kyle Stewart,466.19
Mario Bautista,609.75
Alonzo Menifield,545.62
Vinicius Moreira,438.61
Ariane da Silva,517.95
Greg Hardy,476.25
Rogerio Bontorin,500.67
Geraldo de Freitas,483.58
Felipe Colares,473.68
Jairzinho Rozenstruik,561.98
Taila Santos,525.59
Anthony Hernandez,569.2
Sarah Frota,472.68
Callan Potter,486.26
Raulian Paiva,490.72
Marcos Mariano,466.43
Kron Gracie,488.2
Joel Alvarez,567.06
Ismail Naurdiev,504.81
Klidson Abreu,503.29
Ben Askren,499.93
Jeff Hughes,469.51
Grant Dawson,616.28
Mike Grundy,469.35
Nicolae Negumereanu,525.61
Jordan Espinosa,465.16
Ryan MacDonald,469.67
Sabina Mazo,481.24
Casey Kenney,534.59
Kennedy Nzechukwu,512.58
Randy Costa,462.64
Boston Salmon,469.18
Zelim Imadaev,453.22
Rafael Fiziev,550.45
Alex Da Silva,470.31
Movsar Evloev,617.11
SeungWoo Choi,471.69
Alen Amedovski,438.83
Arman Tsarukyan,617.07
Mike Davis,546.63
Virna Jandiroba,576.3
Takashi Sato,457.39
Thomas Gifford,470.74
Cole Smith,485.14
Kyle Prepolec,470.91
Marc-Andre Barriault,475.77
Serghei Spivac,576.39
Viviane Araujo,516.74
Carlos Huachin,473.18
Luana Carolina,532.63
Michel Pereira,612.17
Charles Jourdain,498.88
Austin Hubbard,469.25
Derrick Krantz,474.92
Felicia Spencer,510.05
Danilo Belluardo,470.05
Bea Malecki,514.94
Duda Santana,481.85
Sergey Khandozhko,517.98
Rostem Akman,472.6
Sung Bin Jo,482.92
Grigory Popov,468.62
Deron Winn,482.74
Amanda Ribas,547.94
Dalcha Lungiambula,450.94
Dequan Townsend,442.36
Journey Newson,468.87
Julia Avila,508.25
Nohelin Hernandez,467.46
Brianna Fortino,501.11
John Allan,485.58
Wellington Turman,464.58
Domingo Pilarte,456.77
Gabriel Silva,471.61
Yoshinori Horie,485.52
Miranda Granger,461.38
Hannah Goldy,460.81
Cole Williams,466.9
Kazula Vargas,469.2
Ciryl Gane,615.76
Raphael Pessoa,483.18
Rodolfo Vieira,551.9
Eduardo Garagorri,482.57
Khama Worthy,485.81
Karol Rosa,546.95
Lara Procopio,483.91
Alatengheili,540.99
Batgerel Danaa,485.27
Da Woon Jung,494.75
Khadis Ibragimov,442.43
JunYong Park,556.14
Mizuki,513.67
Fares Ziam,556.73
Ottman Azaitar,498.04
Liana Jojua,471.48
Lerone Murphy,590.23
Hunter Azure,501.45
Miles Johns,563.1
Tristan Connelly,487.88
Tyson Nam,474.85
Ariane Carnelossi,516.7
Vanessa Melo,473.5
Askar Askarov,535.1
Jack Shore,555.82
Giga Chikadze,581.64
Makhmud Muradov,540.13
Mark Madsen,529.02
Bruno Silva,525.92
Zarah Fairn,441.37
Brad Riddell,509.18
Jamie Mullarkey,491.45
Maki Pitolo,437.75
Yorgan De Castro,468.22
Justin Tafa,515.0
Miguel Baeza,487.45
Tanner Boser,499.02
Brendan Allen,634.91
Sean Brady,605.76
Sean Woodson,566.27
Diana Belbita,452.59
Jonathan Pearce,530.64
Ben Sosoli,500.06
Loma Lookboonmee,555.36
Don'Tale Mayes,475.41
Abubakar Nurmagomedov,497.99
Roman Kopylov,527.71
Shamil Gamzatov,500.38
Tracy Cortez,556.32
Isabela de Padua,483.75
Andre Muniz,566.76
Antonio Arroyo,456.18
Mallory Martin,465.12
Joe Solecki,536.33
Billy Quarantillo,525.15
Jacob Kilburn,466.99
Punahele Soriano,494.05
Chase Hooper,547.49
Omar Morales,479.97
Aleksa Camur,469.24
Ode Osbourne,460.95
Herbert Burns,474.17
Nate Landwehr,538.93
Tony Gravely,497.4
Jamahal Hill,554.51
Youssef Zalal,531.46
Austin Lingo,482.03
Khaos Williams,561.57
Shanna Young,471.99
Daniel Rodriguez,542.27
Brok Weaver,479.22
Josh Culibao,489.7
Spike Carlyle,484.6
Aalon Cruz,470.65
TJ Brown,470.02
Steve Garcia,558.63
Kyler Phillips,572.9
Darrick Minner,478.34
Norma Dumont,590.42
Jamall Emmers,486.04
David Dvorak,500.21
Ike Villanueva,441.23
Philipe Lins,532.07
Rodrigo Nascimento,545.56
Irwin Rivera,487.45
Brandon Royval,560.31
Gabe Green,488.09
Christian Aguilera,479.33
Anthony Ivy,471.05
Zarrukh Adashev,470.4
Gustavo Lopez,491.28
Mariya Agapova,468.53
Max Rohskopf,484.46
Justin Jaynes,454.66
Kay Hansen,472.55
Jinh Yu Frey,442.01
Jason Witt,475.35
Kyle Daukaus,493.34
Zhalgas Zhumagulov,434.35
Maxim Grishin,486.98
Roman Bogatov,488.85
Jiri Prochazka,546.4
Modestas Bukauskas,507.38
Andreas Michailidis,470.7
Khamzat Chimaev,619.66
Mounir Lazzez,498.55
Carlos Felipe,514.78
Amir Albazi,576.94
Malcolm Gordon,452.28
Roman Dolidze,574.05
John Castaneda,521.27
Niklas Stolze,453.51
Tom Aspinall,616.49
Jai Herbert,493.86
Rhys McKee,444.75
Cody Durden,522.42
Vince Cachero,470.05
Nate Maness,539.82
Johnny Munoz,473.5
Ali AlQaisi,469.44
Peter Barrett,468.99
Alexander Munoz,487.4
Joaquin Buckley,592.23
Kai Kamaka,483.07
Tony Kelley,501.62
Chris Daukaus,506.48
Parker Porter,491.52
Danny Chavez,485.32
Timur Valiev,503.55
Trevin Jones,469.13
Matthew Semelsberger,498.65
Carlton Minus,470.27
Jordan Wright,450.2
Austin Springer,481.96
Impa Kasanganay,502.11
Bill Algeo,505.13
Ray Rodriguez,469.32
Alexandr Romanov,541.8
Roque Martinez,451.94
Kevin Croom,474.32
Jerome Rivera,438.07
TJ Laramie,468.53
Sarah Alpar,470.47
Danilo Marques,497.77
William Knight,482.24
Ludovit Klein,569.56
Nassourdine Imavov,572.09
Jordan Williams,455.44
Dusko Todorovic,482.57
Cameron Else,469.94
Tagir Ulanbekov,549.5
Stephanie Egger,486.16
KB Bhullar,471.16
Ilia Topuria,613.79
Alan Baudot,444.25
Dricus Du Plessis,636.17
Mark Striegl,473.4
Guram Kutateladze,502.96
Mateusz Gamrot,576.94
Miranda Maverick,560.1
Shavkat Rakhmonov,616.04
Liliya Shakirova,482.94
Phil Hawes,494.24
Jacob Malkoun,519.03
Kevin Natividad,456.88
Adrian Yanez,553.08
Victor Rodriguez,470.65
Charlie Ontiveros,455.9
Ramiz Brahimaj,490.94
Jamey Simmons,469.15
Kanako Murata,484.5
Cory McKenna,511.25
Sasha Palatnikov,476.85
Louis Cosce,471.11
Dustin Stoltzfus,463.88
Jared Gooden,480.68
Josh Parisian,453.06
Jordan Leavitt,509.91
Sam Hughes,495.97
Jimmy Flick,490.2
Tafon Nchukwi,466.84
Jamie Pickett,425.03
Joselyne Edwards,496.01
Manon Fiorot,605.49
Victoria Leonardo,459.27
Umar Nurmagomedov,597.06
Sergey Morozov,510.74
Mason Jones,500.94
Francisco Figueiredo,497.58
Gaetano Pirrello,469.48
Michael Chandler,507.96
Manel Kape,522.52
Phil Rowe,507.48
Jared Vanderaa,430.23
Drako Rodriguez,468.83
Casey O'Neill,536.49
Ronnie Lawrence,528.37
Uros Medic,524.1
Carlos Ulberg,576.69
Gloria de Paula,469.29
Rafa Garcia,524.13
Marcelo Rojo,455.24
JP Buys,444.39
Jesse Strader,471.45
Harry Hunsucker,456.91
Montserrat Conejo Ruiz,470.81
Cheyanne Vlismas,499.16
Fabio Cherant,453.15
Luis Saldana,513.31
Ignacio Bahamondes,548.04
Dakota Bush,470.03
Loopy Godinez,532.56
Liang Na,439.14
Jeff Molina,541.96
Aoriqileng,503.22
Rongzhu,468.31
Pat Sabatini,543.74
Luana Pinheiro,506.05
Carlston Harris,536.09
Tucker Lutz,468.83
Rafael Alves,478.61
Juancamilo Ronderos,465.58
Shayilan Nuerdanbieke,491.22
Chris Barnett,497.94
Tabatha Ricci,563.16
Kamuela Kirk,483.36
Gregory Rodrigues,571.2
Terrance McKinney,512.5
Jeremiah Wells,527.85
Kris Moutinho,470.89
Preston Parsons,490.02
Elise Reed,481.86
Orion Cosce,483.5
Melsik Baghdasaryan,524.26
Collin Anglin,471.03
Melissa Gatto,514.02
Josiane Nunes,510.5
Saidyokub Kakhramonov,518.16
Mana Martinez,496.72
Vanessa Demopoulos,524.92
Andre Petroski,567.78
Micheal Gillmore,466.68
Ricky Turcios,495.1
Brady Hiestand,532.71
Bryan Battle,556.05
Gilbert Urbina,483.29
Liudvik Sholinian,472.09
Paddy Pimblett,597.53
Erin Blanchfield,584.78
Brandon Jenkins,471.93
Mandy Bohm,482.9
Martin Sano,485.6
Nick Maximov,496.23
Cody Brundage,502.25
Mike Breeden,474.81
Silvana Gomez Juarez,463.92
Istela Nunes,440.21
Erick Gonzalez,456.32
Zviad Lazishvili,485.58
Daniel Lacerda,439.09
Maria Oliveira,469.45
David Onama,534.39
Allan Nascimento,520.45
Benoit Saint Denis,543.95
Albert Duraev,499.47
CJ Vergara,496.07
Bruno Souza,471.2
Ian Machado Garry,614.66
Chris Curtis,550.93
Alex Pereira,617.4
Natan Levy,495.93
Darian Weeks,457.1
Joseph Holmes,469.98
Joanderson Brito,552.89
Viacheslav Borshchev,499.28
Jasmine Jasudavicius,546.12
Genaro Valdez,455.11
Saimon Oliveira,470.6
Jack Della Maddalena,611.16
Pete Rodriguez,485.88
Victor Henry,552.54
Michael Morales,579.16
Andre Fialho,464.62
Denys Bondar,453.24
Jailton Almeida,600.84
Chidi Njokuani,498.11
Tresean Gore,490.44
Blood Diamond,453.96
AJ Dobson,472.57
Jay Perrin,453.13
Christian Rodriguez,530.62
Chad Anheliger,496.97
Nikolas Motta,517.59
Carlos Hernandez,482.64
Victor Altamirano,467.22
Ramona Pascual,456.96
Armen Petrosyan,512.23
Azamat Murzakanov,561.42
Javid Basharat,513.64
AJ Fletcher,475.37
Muhammad Mokaev,604.56
Aliaskhab Khizriev,503.46
Denis Tiuliulin,440.93
Daniel Santos,517.23
Piera Rodriguez,495.66
Mike Malott,538.06
Josh Fremd,472.96
Trey Ogden,503.11
Martin Buday,553.89
Ange Loosa,515.59
Caio Borralho,603.42
Gadzhi Omargadzhiev,470.45
Dean Barry,484.85
Evan Elder,502.46
Yohan Lainesse,463.64
Fernie Garcia,443.25
Kleydson Rodrigues,469.31
Cameron VanCamp,470.23
Tatsuro Taira,588.58
Carlos Candelario,466.82
Jake Hadley,502.1
Manuel Torres,530.85
Rinat Fakhretdinov,567.91
Dan Argueta,457.41
Askar Mozharov,485.83
Karine Silva,567.94
Lucas Almeida,498.9
Maheshate,499.01
Natalia Silva,586.03
Garrett Armfield,494.89
Emily Ducote,484.18
Charles Johnson,519.83
Ihor Potieria,463.62
Adam Fugitt,499.83
Hamdy Abdelwahab,514.88
Juliana Miller,482.82
Brogan Walker,470.0
Mohammed Usman,509.22
Zac Pauga,468.57
Da'Mon Blackshear,493.38
Josh Quinlan,469.02
Lukasz Brzeski,462.74
Yazmin Jauregui,505.99
Iasmin Lucindo,549.57
Ailin Perez,542.56
Cristian Quinonez,481.21
Gabriel Miranda,487.83
Michal Figlak,469.15
Abus Magomedov,505.96
William Gomis,559.74
Jarno Errens,468.71
Melissa Martinez,484.36
Danyelle Wolf,485.72
Anton Turkalj,442.8
Daniel Zellhuber,516.46
Denise Gomes,516.17
Joe Pyfer,546.06
Chelsea Chandler,500.65
Don Shainis,470.49
Lucas Alexander,481.27
Joshua Weems,480.8
Carlos Mota,484.75
Waldo Cortes-Acosta,552.65
Tamires Vidal,483.19
Tereza Bleda,500.65
Francis Marshall,498.93
Cameron Saaiman,512.12
Steven Koslow,485.0
Erik Silva,468.52
Raul Rosas Jr.,548.01
Alessandro Costa,503.23
Nick Aguirre,467.37
Mateusz Rebecki,532.57
Nick Fiore,470.52
Claudio Ribeiro,471.07
Mateus Mendonca,458.55
Daniel Marcos,529.49
Ismael Bonfim,515.74
Luan Lacerda,471.05
Gabriel Bonfim,539.26
Melquizael Costa,503.98
Brunno Ferreira,529.87
Jesus Aguilar,530.0
HyunSung Park,530.77
SeungGuk Choi,482.15
Rinya Nakamura,541.83
Toshiomi Kazama,488.77
JeongYeong Lee,513.53
Yizha,469.47
Anshul Jubli,497.53
Jeka Saragih,480.52
Yusaku Kinoshita,470.05
Elves Brener,514.73
Blake Bilder,482.81
Jack Jenkins,527.05
Francisco Prado,487.19
Shannon Ross,456.35
Clayton Carpenter,517.55
Themba Gorimbo,525.07
Khusein Askhabov,484.29
Nazim Sadykhov,531.29
Jamal Pogues,514.25
Nurullo Aliev,514.71
Carl Deaton,468.8
Victor Martinez,470.63
Gabriella Fernandes,486.3
Trevor Peek,483.33
Loik Radzhabov,498.79
Esteban Ribovics,532.47
Farid Basharat,548.07
Bo Nickal,547.79
Sedriques Dumas,508.89
Karl Williams,524.64
Vitor Petrino,540.49
Christian Leroy Duncan,513.6
Gabriel Santos,488.32
Jafel Filho,521.72
Yanal Ashmouz,514.91
Sam Patterson,520.59
Chris Duncan,529.88
Vinicius Salvador,458.47
Jaqueline Amorim,539.64
Gaston Bolanos,498.74
Bruna Brasil,503.07
Junior Tafa,469.44
Jamey-Lyn Horth,498.45
Hailey Cowan,485.0
Marcus McGhee,544.11
Irina Alekseeva,503.67
Trey Waters,530.57
Fernando Padilla,517.51
Ikram Aliskerov,521.36
Braxton Smith,484.66
Rolando Bedoya,457.64
Diego Lopes,576.26
Tainara Lisboa,531.29
Muhammad Naimov,525.98
Muin Gafurov,490.07
Ketlen Souza,517.58
Jesse Butler,473.16
Steve Erceg,517.75
Chepe Mariscal,560.55
Joshua Van,537.81
Austen Lane,457.66
Ivana Petrovic,501.01
Westin Wilson,491.43
Nursulton Ruziboev,516.94
Terrence Mitchell,471.94
Edgar Chairez,474.4
Val Woodburn,471.34
Azat Maksum,497.66
Viktoriia Dudakova,508.49
Bassil Hafez,504.17
Daniel Barez,495.8
Shauna Bannon,500.01
Mick Parkin,557.46
Jonny Parsons,515.58
Darrius Flowers,452.49
Asu Almabayev,546.95
Dennis Buzukja,472.01
Luana Santos,529.29
Jose Johnson,486.75
Isaac Dulgarian,518.23
Billy Ray Goff,499.39
Jacqueline Cavalcanti,543.71
Nora Cornolle,516.05
Caolan Loughran,486.17
Morgan Charriere,515.8
Manolo Zecchini,485.0
Yanis Ghemmouri,473.27
Bogdan Guskov,514.17
Kevin Jousset,518.96
Kiefer Crosbie,464.25
Charles Radtke,512.39
Landon Quinones,471.9
Felipe dos Santos,487.61
Josefine Knutsson,529.35
Marnic Mann,469.89
Charlie Campbell,529.36
Montserrat Rendon,499.92
Melissa Mullins,500.85
Brendon Marotte,468.27
Ravena Oliveira,485.73
Shara Magomedov,545.09
Mohammad Yahya,469.9
Kaue Fernandes,499.4
Eduarda Moura,498.76
Kaynan Kruschewsky,469.73
Kevin Borjas,470.67
Rafael Estevam,514.35
Caio Machado,470.18
Myktybek Orolbai,535.68
Payton Talbott,545.52
Rodolfo Bellato,514.52
Zachary Reese,515.24
Talita Alencar,499.35
Rayanne dos Santos,470.65
Shamil Gaziev,517.59
Felipe Bunes,486.17
Tom Nolan,513.93
Jean Silva,545.64
Ramon Taveras,515.0
Serhiy Sidey,485.0
Thomas Petersen,501.73
MarQuel Mederos,514.41
Hyder Amil,528.82
Bolaji Oki,496.35
Timmy Cuamba,469.95
Carlos Prates,547.58
Robert Bryczek,483.9
Oban Elliott,528.96
Danny Barlow,529.3
Zhang Mingyang,515.0
Brendson Ribeiro,470.65
Carlos Vera,486.21
Ronaldo Rodriguez,529.76
Abdul-Kareem Al-Selwady,485.0
AJ Cunningham,486.25
Vinicius Oliveira,532.32
Benardo Sopaj,485.0
Bekzat Almakhan,487.92
Robelis Despaigne,499.65
Michael Page,506.3
Charalampos Grigoriou,465.29
Mitch Ramirez,486.32
Danny Silva,515.87
Andre Lima,543.15
Igor Severino,485.0
Daria Zhelezniakova,497.69
Steven Nguyen,483.68
Luis Pajuelo,481.5
Angel Pacheco,484.41
Ibo Aslan,513.11
Connor Matthews,483.75
Cesar Almeida,513.94
Dylan Budka,473.01
Jean Matsumoto,516.81
Victor Hugo,515.0
Pedro Falcao,485.0
Valter Walker,501.9
Kayla Harrison,536.66
Chris Padilla,531.87
James Llontop,466.67
Jhonata Diniz,529.94
Dione Barbosa,501.35
Ernesta Kareckaite,485.0
Mauricio Ruffy,515.29
Oumar Sy,533.06
Tuco Tokkos,481.55
Mitch Raposo,485.65
Puja Tomar,514.35
Julia Polastri,485.65
Carli Judice,483.71
ChangHo Lee,515.0
Xiao Long,485.0
Magomed Gadzhiyasulov,514.35
Felipe Lima,520.21
Antonio Trocoli,485.72
Rei Tsuruya,514.89
Fatima Kline,486.4
Alice Ardelean,484.32
Jordan Vucenic,484.46
Stephanie Luciano,515.65
Quang Le,487.86
Nikolay Veretennikov,485.65
Stewart Nicoll,482.2
Wang Cong,513.84
Jose Daniel Medina,485.01
Mairon Santos,515.0
Kaan Ofli,485.0
Ryan Loder,515.0
Robert Valentin,485.0
Nathan Fletcher,518.15
Zygimantas Ramaska,481.85
Ivan Erslan,483.38
